Circle,Operator,Total Paired Spectrum (in MHz),Total Unpaired Spectrum/2(in Mhz),800 Mhz,900 Mhz,1800 Mhz,2100 Mhz,2300 Mhz,2600 Mhz,2900 Mhz,3200 Mhz
Delhi,Broken Bin,0,0,0,0,10,34,61,38,42,1
Delhi,Burning of garbage,0,0,0,0,43,64,37,90,72,0
Delhi,Burning of garbage at Kodungaiyur Dumping Ground,0,0,0,0,24,9,0,1,0,0
Delhi,Burning of garbage at Perungudi Dumping Ground,0,0,0,0,15,5,12,3,4,0
Delhi,Complaints regarding any other COC Buildings,0,0,0,0,24,543,759,1295,1356,10
Delhi,Complaints regarding Cleanliness of Toilets in Shopping complex,0,0,0,0,0,0,0,0,0,0
Delhi,Death of Stray Animals,0,0,0,0,30,270,424,616,425,1
Delhi,Desilting of Drain,0,0,0,0,90,372,499,1031,1223,3
Delhi,Disposal of removed silt on the Road,0,0,0,0,68,347,508,554,666,1
Delhi,Garbage lorry with out Net,0,0,0,0,2,7,9,4,4,0
Delhi,Illegal slaughtering,0,0,0,0,26,9,21,115,37,0
Delhi,Obstruction of Trees,0,0,0,2,53,849,868,1405,1618,15
Delhi,Open Air Defunction,0,0,0,0,12,30,19,22,19,2
Delhi,Provision of garbage bin,0,0,0,1,58,378,787,893,646,5
Delhi,Removal of Debris,0,0,0,1,237,1157,1359,1770,2101,7
Delhi,Removal of garbage,0,0,2,4,1058,4844,6919,10961,11067,108
Delhi,Shifting of garbage bin,0,0,0,0,36,290,389,580,547,3
Delhi,Spilling of Garbage from lorry,0,0,0,0,5,8,11,22,12,0
Delhi,Stagnation of water,0,0,1,2,610,3957,5114,15259,4390,8
Delhi,Stray cattle,0,0,0,0,106,402,399,551,536,1
Delhi,Transfer Station Smell,0,0,0,0,2,11,6,19,9,0
Delhi,Unauthorised tree Cutting,0,0,0,0,17,17,35,73,56,0
Delhi,Unhygienic and improper transport of meat and livestock,0,0,0,0,6,10,10,9,8,0
Delhi,Unsanitary conditions on the road,0,0,0,0,210,457,328,544,384,1
Kolkata,Complaints related to property tax,0,0,1,4,1466,2645,1755,1464,1197,4
Mumbai,Absenteesim of sweepers,0,0,0,0,26,260,581,827,821,4
Mumbai,Building plan sanction,0,0,1,2,33,51,47,44,62,1
Mumbai,Change of address in Electoral Roll,0,0,0,0,11,21,5,19,10,0
Mumbai,Complaints regarding burial ground,0,0,0,0,8,22,17,34,31,0
Mumbai,Complaints regarding Schools,0,0,0,0,15,18,11,10,29,0
Mumbai,Complaints regarding Traffic Island,0,0,0,0,28,102,48,32,30,0
Mumbai,Complaints regarding Voter list,0,0,0,0,26,51,17,17,13,0
Mumbai,Complaints related to issue of all types of license,0,0,0,2,9,52,51,88,77,0
Mumbai,Improper Sweeping,0,0,0,0,19,55,116,146,127,0
Mumbai,"Inclusion, delection of correction in the Voter list",0,0,1,0,24,21,17,27,25,1
Mumbai,Issue of Voter ID,0,0,0,1,46,42,76,62,64,0
Mumbai,Name Error (Spelling Related),0,0,0,0,0,0,0,0,0,0
Mumbai,Name not found in Electoral Roll,0,0,0,0,13,12,31,8,8,0
Mumbai,Nuisance by garbage tractors or trucks,0,0,0,0,10,55,30,51,31,0
Mumbai,Stray Pigs,0,0,0,0,24,71,87,116,61,0
Andhra Pradesh,Electric Shock due to street light,0,0,0,0,82,192,220,371,208,0
Andhra Pradesh,Public Health/Dengue/Malaria/Gastro-enteritis,0,0,0,1,83,155,252,494,548,3
Andhra Pradesh,Repairs to the SWD,0,0,1,1,151,275,262,376,435,0
Gujarat,Complaints regarding Dispensary,0,0,0,0,0,0,0,0,0,0
Gujarat,Complaints regarding Free usage of Public Toilet,0,0,0,0,0,0,0,0,4,2
Gujarat,Complaints regarding public toilets,0,0,0,0,19,72,135,138,128,1
Gujarat,Complaints regarding quality of food in Hotels,0,0,0,0,23,52,61,68,80,0
Gujarat,Flies menace at Kodungaiyur Dumping Ground,0,0,0,0,4,2,0,0,0,0
Gujarat,Flies menace at Perungudi Dumping Ground,0,0,0,0,0,2,2,1,2,0
Gujarat,Mosquito menace,0,0,0,0,1397,3848,5939,9450,4926,43
Gujarat,Over flowing of garbage bins,0,0,0,0,18,93,151,282,305,1
Gujarat,Road Side Eateries,0,0,0,0,38,69,80,58,68,0
Gujarat,Sanction of financial assistance under Moovalur thirumana thittam,0,0,0,0,3,1,6,7,22,0
Gujarat,Unauthorised sale of meat and meat product,0,0,0,0,19,33,50,57,31,0
Karnataka,Slaughter House,0,0,0,0,4,14,3,17,4,0
Maharashtra,Complaints regarding Bridges/Flyovers/Subways,0,0,0,2,30,33,32,65,74,0
Maharashtra,Complaints regarding CDH,0,0,0,0,3,0,2,2,5,0
Maharashtra,Complaints regarding Centre Median,0,0,1,0,8,52,95,28,32,0
Maharashtra,Complaints regarding Cleanliness of Toilets in Theatre,0,0,0,0,0,0,0,0,0,0
Maharashtra,Complaints regarding community hall,0,0,0,0,3,4,2,5,2,0
Maharashtra,Complaints regarding CWC,0,0,0,0,4,13,7,21,16,0
Maharashtra,Complaints regarding Play grounds,0,0,0,0,11,61,39,55,55,0
Maharashtra,Desilting of Canal,0,0,0,1,12,84,81,219,218,0
Maharashtra,Issue of Colour TV,0,0,0,0,3,14,7,2,3,0
Maharashtra,New Drain Construction,0,0,0,0,122,161,109,154,306,0
Maharashtra,Obstruction of water flow,0,0,0,0,89,68,60,66,50,0
Maharashtra,Parking Issue,0,0,0,2,74,211,182,231,238,1
Maharashtra,Poor quality of work,0,0,0,1,43,100,347,390,360,0
Maharashtra,Repairs to existing footpath,0,0,0,0,13,80,96,122,158,0
Maharashtra,Request to provide footpath,0,0,0,0,16,59,134,109,113,0
Maharashtra,Shifting of Street light Pole,0,0,1,0,38,62,55,94,148,1
Maharashtra,Slow progress of work,0,0,4,1,96,171,335,283,319,2
Maharashtra,Violation of DCR/Building bye laws,0,0,1,0,19,26,47,63,59,0
Tamil Nadu. Chennai,Absenteesim of door to door garbage collector,0,0,0,0,20,196,489,674,601,5
Tamil Nadu. Chennai,Complaints regarding unauthorised restaurants,0,0,0,0,19,35,36,41,35,0
Tamil Nadu. Chennai,Damage to the Electric Pole,0,0,0,0,0,0,0,0,0,0
Tamil Nadu. Chennai,Encroachment on the public property,0,0,1,2,123,709,1111,1681,1653,4
Tamil Nadu. Chennai,Illegal draining of sewage to SWD/Open site,0,0,0,0,68,247,375,734,664,5
Tamil Nadu. Chennai,Issue of Birth and Death Certificate,0,0,0,0,304,587,408,321,428,3
Tamil Nadu. Chennai,Removal of shops in the footpath,0,0,0,1,61,254,330,648,628,2
Tamil Nadu. Chennai,Unauthorised / Illegal construction,0,0,1,6,88,268,443,808,821,3
Tamil Nadu. Chennai,Unauthorised Advt. Boards,0,0,0,0,30,126,189,254,239,0
Haryana,Bio Medical waste/Health hazard waste removal,0,0,0,0,9,22,21,24,23,0
Haryana,Cleaning of water table,0,0,0,0,19,26,13,50,18,0
Haryana,Complaints regarding Park,0,0,0,1,33,182,241,381,490,2
Haryana,Covering of Man holes of SWD,0,0,0,0,113,614,758,917,1005,5
Haryana,Dog menace,0,0,0,0,1182,4793,8130,12805,11612,46
Haryana,New Street light,0,0,0,0,117,188,280,512,658,1
Haryana,Non Burning of Street Lights,0,0,0,1,5407,10545,15674,24416,21546,134
Haryana,Over head cable Wires running in Hapazard manner,0,0,0,0,37,67,49,20,85,2
Haryana,Pot hole fill up/Repairs to the damage surface,0,0,0,0,120,1496,1996,2839,2229,6
Haryana,Removal of fallen trees,0,0,0,0,303,306,552,1167,2983,35
Kerala,Request to relay the Road,0,0,4,4,372,1809,2145,1483,1261,4
Kerala,Formation of New Road,0,0,1,3,278,544,1148,1499,1597,3
