Category,Level1,Level2,Level3,Level4,Total,,GovXFer,State,Local,Federal
,N01,N001,Environment,,14,,,,,
,N01,N001,Finance and Taxes,,9,,,,,
,N01,N001,Governance and Administration,,3,,,,,
,N01,N001,Health and Family Welfare,,5,,,,,
,N01,N001,Housing,,1,,,,,
,N01,N001,Infrastructure,,62,,,,,
,N01,N001,Law and Order,,41,,,,,
,N01,N001,Public Safety,,287,,,,,
,N01,N001,Public Transport,,77,,,,,
,N01,N001,Water,,18,,,,,
,N01,N002,Environment,,12,,,,,
,N01,N002,Finance and Taxes,,17,,,,,
,N01,N002,Governance and Administration,,2,,,,,
,N01,N002,Health and Family Welfare,,6,,,,,
,N01,N002,Housing,,1,,,,,
,N01,N002,Infrastructure,,77,,,,,
,N01,N002,Law and Order,,175,,,,,
,N01,N002,Public Safety,,1257,,,,,
,N01,N002,Public Transport,,67,,,,,
,N01,N002,Water,,97,,,,,
,N01,N003,Environment,,64,,,,,
,N01,N003,Finance and Taxes,,17,,,,,
,N01,N003,Governance and Administration,,9,,,,,
,N01,N003,Health and Family Welfare,,43,,,,,
,N01,N003,Housing,,2,,,,,
,N01,N003,Infrastructure,,59,,,,,
,N01,N003,Law and Order,,104,,,,,
,N01,N003,Public Safety,,995,,,,,
,N01,N003,Public Transport,,33,,,,,
,N01,N003,Water,,42,,,,,
,N01,N004,Environment,,113,,,,,
,N01,N004,Finance and Taxes,,19,,,,,
,N01,N004,Governance and Administration,,5,,,,,
,N01,N004,Health and Family Welfare,,52,,,,,
,N01,N004,Housing,,2,,,,,
,N01,N004,Infrastructure,,39,,,,,
,N01,N004,Law and Order,,104,,,,,
,N01,N004,Public Safety,,841,,,,,
,N01,N004,Public Transport,,50,,,,,
,N01,N004,Water,,112,,,,,
,N01,N005,Environment,,86,,,,,
,N01,N005,Finance and Taxes,,13,,,,,
,N01,N005,Governance and Administration,,16,,,,,
,N01,N005,Health and Family Welfare,,49,,,,,
,N01,N005,Housing,,1,,,,,
,N01,N005,Infrastructure,,56,,,,,
,N01,N005,Law and Order,,88,,,,,
,N01,N005,Public Safety,,795,,,,,
,N01,N005,Public Transport,,35,,,,,
,N01,N005,Water,,41,,,,,
,N01,N006,Environment,,146,,,,,
,N01,N006,Finance and Taxes,,6,,,,,
,N01,N006,Governance and Administration,,4,,,,,
,N01,N006,Health and Family Welfare,,82,,,,,
,N01,N006,Housing,,2,,,,,
,N01,N006,Infrastructure,,31,,,,,
,N01,N006,Law and Order,,116,,,,,
,N01,N006,Public Safety,,1141,,,,,
,N01,N006,Public Transport,,76,,,,,
,N01,N006,Water,,79,,,,,
,N01,N007,Environment,,102,,,,,
,N01,N007,Finance and Taxes,,3,,,,,
,N01,N007,Governance and Administration,,8,,,,,
,N01,N007,Health and Family Welfare,,66,,,,,
,N01,N007,Housing,,3,,,,,
,N01,N007,Infrastructure,,60,,,,,
,N01,N007,Law and Order,,52,,,,,
,N01,N007,Public Safety,,581,,,,,
,N01,N007,Public Transport,,82,,,,,
,N01,N007,Water,,14,,,,,
,N01,N008,Environment,,84,,,,,
,N01,N008,Finance and Taxes,,1,,,,,
,N01,N008,Governance and Administration,,4,,,,,
,N01,N008,Health and Family Welfare,,34,,,,,
,N01,N008,Housing,,1,,,,,
,N01,N008,Infrastructure,,72,,,,,
,N01,N008,Law and Order,,157,,,,,
,N01,N008,Public Safety,,1450,,,,,
,N01,N008,Public Transport,,103,,,,,
,N01,N008,Water,,49,,,,,
,N01,N009,Environment,,91,,,,,
,N01,N009,Finance and Taxes,,10,,,,,
,N01,N009,Governance and Administration,,8,,,,,
,N01,N009,Health and Family Welfare,,26,,,,,
,N01,N009,Housing,,1,,,,,
,N01,N009,Infrastructure,,104,,,,,
,N01,N009,Law and Order,,144,,,,,
,N01,N009,Public Safety,,1174,,,,,
,N01,N009,Public Transport,,28,,,,,
,N01,N009,Water,,49,,,,,
,N01,N010,Environment,,63,,,,,
,N01,N010,Finance and Taxes,,9,,,,,
,N01,N010,Governance and Administration,,1,,,,,
,N01,N010,Health and Family Welfare,,43,,,,,
,N01,N010,Housing,,1,,,,,
,N01,N010,Infrastructure,,45,,,,,
,N01,N010,Law and Order,,217,,,,,
,N01,N010,Public Safety,,2165,,,,,
,N01,N010,Public Transport,,105,,,,,
,N01,N010,Water,,12,,,,,
,N01,N011,Environment,,66,,,,,
,N01,N011,Finance and Taxes,,3,,,,,
,N01,N011,Governance and Administration,,7,,,,,
,N01,N011,Health and Family Welfare,,27,,,,,
,N01,N011,Housing,,1,,,,,
,N01,N011,Infrastructure,,88,,,,,
,N01,N011,Law and Order,,91,,,,,
,N01,N011,Public Safety,,1009,,,,,
,N01,N011,Public Transport,,38,,,,,
,N01,N011,Water,,10,,,,,
,N01,N012,Environment,,66,,,,,
,N01,N012,Finance and Taxes,,8,,,,,
,N01,N012,Governance and Administration,,5,,,,,
,N01,N012,Health and Family Welfare,,21,,,,,
,N01,N012,Housing,,1,,,,,
,N01,N012,Infrastructure,,36,,,,,
,N01,N012,Law and Order,,228,,,,,
,N01,N012,Public Safety,,2019,,,,,
,N01,N012,Public Transport,,59,,,,,
,N01,N012,Water,,13,,,,,
,N01,N013,Environment,,34,,,,,
,N01,N013,Finance and Taxes,,3,,,,,
,N01,N013,Governance and Administration,,5,,,,,
,N01,N013,Health and Family Welfare,,23,,,,,
,N01,N013,Housing,,1,,,,,
,N01,N013,Infrastructure,,46,,,,,
,N01,N013,Law and Order,,97,,,,,
,N01,N013,Public Safety,,1027,,,,,
,N01,N013,Public Transport,,49,,,,,
,N01,N013,Water,,10,,,,,
,N01,N014,Environment,,70,,,,,
,N01,N014,Finance and Taxes,,4,,,,,
,N01,N014,Governance and Administration,,1,,,,,
,N01,N014,Health and Family Welfare,,27,,,,,
,N01,N014,Housing,,1,,,,,
,N01,N014,Infrastructure,,69,,,,,
,N01,N014,Law and Order,,104,,,,,
,N01,N014,Public Safety,,852,,,,,
,N01,N014,Public Transport,,23,,,,,
,N01,N014,Water,,14,,,,,
,N02,N015,Environment,,30,,,,,
,N02,N015,Finance and Taxes,,1,,,,,
,N02,N015,Governance and Administration,,10,,,,,
,N02,N015,Health and Family Welfare,,14,,,,,
,N02,N015,Housing,,1,,,,,
,N02,N015,Infrastructure,,17,,,,,
,N02,N015,Law and Order,,182,,,,,
,N02,N015,Public Safety,,1419,,,,,
,N02,N015,Public Transport,,33,,,,,
,N02,N015,Water,,79,,,,,
,N02,N016,Environment,,31,,,,,
,N02,N016,Finance and Taxes,,7,,,,,
,N02,N016,Governance and Administration,,1,,,,,
,N02,N016,Health and Family Welfare,,18,,,,,
,N02,N016,Housing,,2,,,,,
,N02,N016,Infrastructure,,28,,,,,
,N02,N016,Law and Order,,53,,,,,
,N02,N016,Public Safety,,494,,,,,
,N02,N016,Public Transport,,29,,,,,
,N02,N016,Water,,20,,,,,
,N02,N017,Environment,,5,,,,,
,N02,N017,Finance and Taxes,,55,,,,,
,N02,N017,Governance and Administration,,5,,,,,
,N02,N017,Health and Family Welfare,,4,,,,,
,N02,N017,Housing,,1,,,,,
,N02,N017,Infrastructure,,20,,,,,
,N02,N017,Law and Order,,58,,,,,
,N02,N017,Public Safety,,405,,,,,
,N02,N017,Public Transport,,16,,,,,
,N02,N017,Water,,28,,,,,
,N02,N018,Environment,,56,,,,,
,N02,N018,Finance and Taxes,,1,,,,,
,N02,N018,Governance and Administration,,50,,,,,
,N02,N018,Health and Family Welfare,,21,,,,,
,N02,N018,Housing,,1,,,,,
,N02,N018,Infrastructure,,32,,,,,
,N02,N018,Law and Order,,67,,,,,
,N02,N018,Public Safety,,525,,,,,
,N02,N018,Public Transport,,15,,,,,
,N02,N018,Water,,13,,,,,
,N02,N019,Environment,,895,,,,,
,N02,N019,Finance and Taxes,,19,,,,,
,N02,N019,Governance and Administration,,2,,,,,
,N02,N019,Health and Family Welfare,,263,,,,,
,N02,N019,Housing,,1,,,,,
,N02,N019,Infrastructure,,16,,,,,
,N02,N019,Law and Order,,57,,,,,
,N02,N019,Public Safety,,437,,,,,
,N02,N019,Public Transport,,108,,,,,
,N02,N019,Water,,22,,,,,
,N02,N020,Environment,,39,,,,,
,N02,N020,Finance and Taxes,,12,,,,,
,N02,N020,Governance and Administration,,13,,,,,
,N02,N020,Health and Family Welfare,,8,,,,,
,N02,N020,Housing,,1,,,,,
,N02,N020,Infrastructure,,123,,,,,
,N02,N020,Law and Order,,36,,,,,
,N02,N020,Public Safety,,272,,,,,
,N02,N020,Public Transport,,17,,,,,
,N02,N020,Water,,16,,,,,
,N02,N021,Environment,,18,,,,,
,N02,N021,Finance and Taxes,,34,,,,,
,N02,N021,Governance and Administration,,11,,,,,
,N02,N021,Health and Family Welfare,,15,,,,,
,N02,N021,Housing,,1,,,,,
,N02,N021,Infrastructure,,25,,,,,
,N02,N021,Law and Order,,295,,,,,
,N02,N021,Public Safety,,2502,,,,,
,N02,N021,Public Transport,,21,,,,,
,N02,N021,Water,,12,,,,,
,N03,N022,Environment,,183,,,,,
,N03,N022,Finance and Taxes,,21,,,,,
,N03,N022,Governance and Administration,,29,,,,,
,N03,N022,Health and Family Welfare,,98,,,,,
,N03,N022,Housing,,1,,,,,
,N03,N022,Infrastructure,,15,,,,,
,N03,N022,Law and Order,,62,,,,,
,N03,N022,Public Safety,,479,,,,,
,N03,N022,Public Transport,,13,,,,,
,N03,N022,Water,,7,,,,,
,N03,N023,Environment,,96,,,,,
,N03,N023,Finance and Taxes,,24,,,,,
,N03,N023,Governance and Administration,,19,,,,,
,N03,N023,Health and Family Welfare,,87,,,,,
,N03,N023,Housing,,1,,,,,
,N03,N023,Infrastructure,,9,,,,,
,N03,N023,Law and Order,,71,,,,,
,N03,N023,Public Safety,,522,,,,,
,N03,N023,Public Transport,,44,,,,,
,N03,N023,Water,,21,,,,,
,N03,N024,Environment,,387,,,,,
,N03,N024,Finance and Taxes,,12,,,,,
,N03,N024,Governance and Administration,,18,,,,,
,N03,N024,Health and Family Welfare,,192,,,,,
,N03,N024,Housing,,1,,,,,
,N03,N024,Infrastructure,,15,,,,,
,N03,N024,Law and Order,,19,,,,,
,N03,N024,Public Safety,,257,,,,,
,N03,N024,Public Transport,,46,,,,,
,N03,N024,Water,,15,,,,,
,N03,N025,Environment,,98,,,,,
,N03,N025,Finance and Taxes,,10,,,,,
,N03,N025,Governance and Administration,,11,,,,,
,N03,N025,Health and Family Welfare,,78,,,,,
,N03,N025,Housing,,2,,,,,
,N03,N025,Infrastructure,,39,,,,,
,N03,N025,Law and Order,,70,,,,,
,N03,N025,Public Safety,,540,,,,,
,N03,N025,Public Transport,,24,,,,,
,N03,N025,Water,,14,,,,,
,N03,N026,Environment,,356,,,,,
,N03,N026,Finance and Taxes,,12,,,,,
,N03,N026,Governance and Administration,,6,,,,,
,N03,N026,Health and Family Welfare,,167,,,,,
,N03,N026,Housing,,1,,,,,
,N03,N026,Infrastructure,,13,,,,,
,N03,N026,Law and Order,,96,,,,,
,N03,N026,Public Safety,,880,,,,,
,N03,N026,Public Transport,,11,,,,,
,N03,N026,Water,,4,,,,,
,N03,N027,Environment,,107,,,,,
,N03,N027,Finance and Taxes,,18,,,,,
,N03,N027,Governance and Administration,,3,,,,,
,N03,N027,Health and Family Welfare,,38,,,,,
,N03,N027,Housing,,1,,,,,
,N03,N027,Infrastructure,,4,,,,,
,N03,N027,Law and Order,,44,,,,,
,N03,N027,Public Safety,,446,,,,,
,N03,N027,Public Transport,,42,,,,,
,N03,N027,Water,,2,,,,,
,N03,N028,Environment,,116,,,,,
,N03,N028,Finance and Taxes,,9,,,,,
,N03,N028,Governance and Administration,,6,,,,,
,N03,N028,Health and Family Welfare,,39,,,,,
,N03,N028,Housing,,1,,,,,
,N03,N028,Infrastructure,,21,,,,,
,N03,N028,Law and Order,,30,,,,,
,N03,N028,Public Safety,,219,,,,,
,N03,N028,Public Transport,,14,,,,,
,N03,N028,Water,,11,,,,,
,N03,N029,Environment,,35,,,,,
,N03,N029,Finance and Taxes,,22,,,,,
,N03,N029,Governance and Administration,,5,,,,,
,N03,N029,Health and Family Welfare,,42,,,,,
,N03,N029,Housing,,1,,,,,
,N03,N029,Infrastructure,,16,,,,,
,N03,N029,Law and Order,,56,,,,,
,N03,N029,Public Safety,,517,,,,,
,N03,N029,Public Transport,,24,,,,,
,N03,N029,Water,,42,,,,,
,N03,N030,Environment,,152,,,,,
,N03,N030,Finance and Taxes,,30,,,,,
,N03,N030,Governance and Administration,,36,,,,,
,N03,N030,Health and Family Welfare,,51,,,,,
,N03,N030,Housing,,2,,,,,
,N03,N030,Infrastructure,,20,,,,,
,N03,N030,Law and Order,,66,,,,,
,N03,N030,Public Safety,,435,,,,,
,N03,N030,Public Transport,,1,,,,,
,N03,N030,Water,,14,,,,,
,N03,N031,Environment,,82,,,,,
,N03,N031,Finance and Taxes,,68,,,,,
,N03,N031,Governance and Administration,,28,,,,,
,N03,N031,Health and Family Welfare,,38,,,,,
,N03,N031,Housing,,2,,,,,
,N03,N031,Infrastructure,,7,,,,,
,N03,N031,Law and Order,,41,,,,,
,N03,N031,Public Safety,,324,,,,,
,N03,N031,Public Transport,,8,,,,,
,N03,N031,Water,,24,,,,,
,N03,N032,Environment,,162,,,,,
,N03,N032,Finance and Taxes,,65,,,,,
,N03,N032,Governance and Administration,,24,,,,,
,N03,N032,Health and Family Welfare,,64,,,,,
,N03,N032,Housing,,1,,,,,
,N03,N032,Infrastructure,,5,,,,,
,N03,N032,Law and Order,,9,,,,,
,N03,N032,Public Safety,,96,,,,,
,N03,N032,Public Transport,,2,,,,,
,N03,N032,Water,,1,,,,,
,N03,N033,Environment,,378,,,,,
,N03,N033,Finance and Taxes,,104,,,,,
,N03,N033,Governance and Administration,,42,,,,,
,N03,N033,Health and Family Welfare,,155,,,,,
,N03,N033,Housing,,1,,,,,
,N03,N033,Infrastructure,,2,,,,,
,N03,N033,Law and Order,,10,,,,,
,N03,N033,Public Safety,,123,,,,,
,N03,N033,Public Transport,,4,,,,,
,N03,N033,Water,,8,,,,,
,N04,N034,Environment,,512,,,,,
,N04,N034,Finance and Taxes,,81,,,,,
,N04,N034,Governance and Administration,,34,,,,,
,N04,N034,Health and Family Welfare,,246,,,,,
,N04,N034,Housing,,3,,,,,
,N04,N034,Infrastructure,,6,,,,,
,N04,N034,Law and Order,,44,,,,,
,N04,N034,Public Safety,,2,,,,,
,N04,N034,Public Transport,,6,,,,,
,N04,N034,Water,,2,,,,,
,N04,N035,Environment,,694,,,,,
,N04,N035,Finance and Taxes,,51,,,,,
,N04,N035,Governance and Administration,,50,,,,,
,N04,N035,Health and Family Welfare,,349,,,,,
,N04,N035,Housing,,9,,,,,
,N04,N035,Infrastructure,,22,,,,,
,N04,N035,Law and Order,,30,,,,,
,N04,N035,Public Safety,,1,,,,,
,N04,N035,Public Transport,,6,,,,,
,N04,N035,Water,,4,,,,,
,N04,N036,Environment,,673,,,,,
,N04,N036,Finance and Taxes,,28,,,,,
,N04,N036,Governance and Administration,,32,,,,,
,N04,N036,Health and Family Welfare,,405,,,,,
,N04,N036,Housing,,8,,,,,
,N04,N036,Infrastructure,,21,,,,,
,N04,N036,Law and Order,,146,,,,,
,N04,N036,Public Safety,,6,,,,,
,N04,N036,Public Transport,,11,,,,,
,N04,N036,Water,,6,,,,,
,N04,N037,Environment,,714,,,,,
,N04,N037,Finance and Taxes,,53,,,,,
,N04,N037,Governance and Administration,,21,,,,,
,N04,N037,Health and Family Welfare,,357,,,,,
,N04,N037,Housing,,15,,,,,
,N04,N037,Infrastructure,,28,,,,,
,N04,N037,Law and Order,,142,,,,,
,N04,N037,Public Safety,,5,,,,,
,N04,N037,Public Transport,,4,,,,,
,N04,N037,Water,,6,,,,,
,N04,N038,Environment,,480,,,,,
,N04,N038,Finance and Taxes,,41,,,,,
,N04,N038,Governance and Administration,,24,,,,,
,N04,N038,Health and Family Welfare,,185,,,,,
,N04,N038,Housing,,29,,,,,
,N04,N038,Infrastructure,,52,,,,,
,N04,N038,Law and Order,,174,,,,,
,N04,N038,Public Safety,,15,,,,,
,N04,N038,Public Transport,,3,,,,,
,N04,N038,Water,,11,,,,,
,N04,N039,Environment,,333,,,,,
,N04,N039,Finance and Taxes,,27,,,,,
,N04,N039,Governance and Administration,,24,,,,,
,N04,N039,Health and Family Welfare,,160,,,,,
,N04,N039,Housing,,16,,,,,
,N04,N039,Infrastructure,,42,,,,,
,N04,N039,Law and Order,,467,,,,,
,N04,N039,Public Safety,,26,,,,,
,N04,N039,Public Transport,,2,,,,,
,N04,N039,Water,,4,,,,,
,N04,N040,Environment,,321,,,,,
,N04,N040,Finance and Taxes,,21,,,,,
,N04,N040,Governance and Administration,,18,,,,,
,N04,N040,Health and Family Welfare,,136,,,,,
,N04,N040,Housing,,7,,,,,
,N04,N040,Infrastructure,,19,,,,,
,N04,N040,Law and Order,,385,,,,,
,N04,N040,Public Safety,,8,,,,,
,N04,N040,Public Transport,,3,,,,,
,N04,N040,Water,,3,,,,,
,N04,N041,Environment,,339,,,,,
,N04,N041,Finance and Taxes,,71,,,,,
,N04,N041,Governance and Administration,,17,,,,,
,N04,N041,Health and Family Welfare,,185,,,,,
,N04,N041,Housing,,13,,,,,
,N04,N041,Infrastructure,,9,,,,,
,N04,N041,Law and Order,,99,,,,,
,N04,N041,Public Safety,,10,,,,,
,N04,N041,Public Transport,,6,,,,,
,N04,N041,Water,,2,,,,,
,N04,N042,Environment,,284,,,,,
,N04,N042,Finance and Taxes,,84,,,,,
,N04,N042,Governance and Administration,,50,,,,,
,N04,N042,Health and Family Welfare,,124,,,,,
,N04,N042,Housing,,9,,,,,
,N04,N042,Infrastructure,,21,,,,,
,N04,N042,Law and Order,,55,,,,,
,N04,N042,Public Safety,,1,,,,,
,N04,N042,Public Transport,,8,,,,,
,N04,N042,Water,,3,,,,,
,N04,N043,Environment,,233,,,,,
,N04,N043,Finance and Taxes,,29,,,,,
,N04,N043,Governance and Administration,,72,,,,,
,N04,N043,Health and Family Welfare,,105,,,,,
,N04,N043,Housing,,9,,,,,
,N04,N043,Infrastructure,,16,,,,,
,N04,N043,Law and Order,,102,,,,,
,N04,N043,Public Safety,,6,,,,,
,N04,N043,Public Transport,,1,,,,,
,N04,N043,Water,,6,,,,,
,N04,N044,Environment,,495,,,,,
,N04,N044,Finance and Taxes,,41,,,,,
,N04,N044,Governance and Administration,,29,,,,,
,N04,N044,Health and Family Welfare,,202,,,,,
,N04,N044,Housing,,4,,,,,
,N04,N044,Infrastructure,,9,,,,,
,N04,N044,Law and Order,,110,,,,,
,N04,N044,Public Safety,,6,,,,,
,N04,N044,Public Transport,,1,,,,,
,N04,N044,Water,,8,,,,,
,N04,N045,Environment,,616,,,,,
,N04,N045,Finance and Taxes,,36,,,,,
,N04,N045,Governance and Administration,,26,,,,,
,N04,N045,Health and Family Welfare,,238,,,,,
,N04,N045,Housing,,3,,,,,
,N04,N045,Infrastructure,,10,,,,,
,N04,N045,Law and Order,,94,,,,,
,N04,N045,Public Safety,,4,,,,,
,N04,N045,Public Transport,,5,,,,,
,N04,N045,Water,,1,,,,,
,N04,N046,Environment,,376,,,,,
,N04,N046,Finance and Taxes,,40,,,,,
,N04,N046,Governance and Administration,,25,,,,,
,N04,N046,Health and Family Welfare,,115,,,,,
,N04,N046,Housing,,5,,,,,
,N04,N046,Infrastructure,,8,,,,,
,N04,N046,Law and Order,,52,,,,,
,N04,N046,Public Safety,,5,,,,,
,N04,N046,Public Transport,,5,,,,,
,N04,N046,Water,,1,,,,,
,N04,N047,Environment,,477,,,,,
,N04,N047,Finance and Taxes,,34,,,,,
,N04,N047,Governance and Administration,,21,,,,,
,N04,N047,Health and Family Welfare,,219,,,,,
,N04,N047,Housing,,3,,,,,
,N04,N047,Infrastructure,,48,,,,,
,N04,N047,Law and Order,,75,,,,,
,N04,N047,Public Safety,,2,,,,,
,N04,N047,Public Transport,,28,,,,,
,N04,N047,Water,,5,,,,,
,N04,N048,Environment,,376,,,,,
,N04,N048,Finance and Taxes,,29,,,,,
,N04,N048,Governance and Administration,,23,,,,,
,N04,N048,Health and Family Welfare,,131,,,,,
,N04,N048,Housing,,1,,,,,
,N04,N048,Infrastructure,,3,,,,,
,N04,N048,Law and Order,,112,,,,,
,N04,N048,Public Safety,,6,,,,,
,N04,N048,Public Transport,,3,,,,,
,N04,N048,Water,,5,,,,,
,N05,N049,Environment,,297,,,,,
,N05,N049,Finance and Taxes,,57,,,,,
,N05,N049,Governance and Administration,,14,,,,,
,N05,N049,Health and Family Welfare,,108,,,,,
,N05,N049,Housing,,1,,,,,
,N05,N049,Infrastructure,,8,,,,,
,N05,N049,Law and Order,,86,,,,,
,N05,N049,Public Safety,,6,,,,,
,N05,N049,Public Transport,,13,,,,,
,N05,N049,Water,,28,,,,,
,N05,N050,Environment,,367,,,,,
,N05,N050,Finance and Taxes,,51,,,,,
,N05,N050,Governance and Administration,,37,,,,,
,N05,N050,Health and Family Welfare,,97,,,,,
,N05,N050,Housing,,11,,,,,
,N05,N050,Infrastructure,,27,,,,,
,N05,N050,Law and Order,,46,,,,,
,N05,N050,Public Safety,,3,,,,,
,N05,N050,Public Transport,,6,,,,,
,N05,N050,Water,,3,,,,,
,N05,N051,Environment,,304,,,,,
,N05,N051,Finance and Taxes,,54,,,,,
,N05,N051,Governance and Administration,,30,,,,,
,N05,N051,Health and Family Welfare,,94,,,,,
,N05,N051,Housing,,44,,,,,
,N05,N051,Infrastructure,,169,,,,,
,N05,N051,Law and Order,,101,,,,,
,N05,N051,Public Safety,,7,,,,,
,N05,N051,Public Transport,,27,,,,,
,N05,N051,Water,,13,,,,,
,N05,N052,Environment,,392,,,,,
,N05,N052,Finance and Taxes,,84,,,,,
,N05,N052,Governance and Administration,,34,,,,,
,N05,N052,Health and Family Welfare,,146,,,,,
,N05,N052,Housing,,3,,,,,
,N05,N052,Infrastructure,,11,,,,,
,N05,N052,Law and Order,,938,,,,,
,N05,N052,Public Safety,,45,,,,,
,N05,N052,Public Transport,,12,,,,,
,N05,N052,Water,,13,,,,,
,N05,N053,Environment,,632,,,,,
,N05,N053,Finance and Taxes,,38,,,,,
,N05,N053,Governance and Administration,,55,,,,,
,N05,N053,Health and Family Welfare,,193,,,,,
,N05,N053,Housing,,5,,,,,
,N05,N053,Infrastructure,,4,,,,,
,N05,N053,Law and Order,,64,,,,,
,N05,N053,Public Safety,,3,,,,,
,N05,N053,Public Transport,,17,,,,,
,N05,N053,Water,,12,,,,,
,N05,N054,Environment,,658,,,,,
,N05,N054,Finance and Taxes,,113,,,,,
,N05,N054,Governance and Administration,,18,,,,,
,N05,N054,Health and Family Welfare,,130,,,,,
,N05,N054,Housing,,34,,,,,
,N05,N054,Infrastructure,,79,,,,,
,N05,N054,Law and Order,,29,,,,,
,N05,N054,Public Safety,,25,,,,,
,N05,N054,Public Transport,,8,,,,,
,N05,N054,Water,,1,,,,,
,N05,N055,Environment,,464,,,,,
,N05,N055,Finance and Taxes,,121,,,,,
,N05,N055,Governance and Administration,,93,,,,,
,N05,N055,Health and Family Welfare,,167,,,,,
,N05,N055,Housing,,22,,,,,
,N05,N055,Infrastructure,,59,,,,,
,N05,N055,Law and Order,,559,,,,,
,N05,N055,Public Safety,,18,,,,,
,N05,N055,Public Transport,,12,,,,,
,N05,N055,Water,,1,,,,,
,N05,N056,Environment,,537,,,,,
,N05,N056,Finance and Taxes,,61,,,,,
,N05,N056,Governance and Administration,,62,,,,,
,N05,N056,Health and Family Welfare,,89,,,,,
,N05,N056,Housing,,45,,,,,
,N05,N056,Infrastructure,,103,,,,,
,N05,N056,Law and Order,,284,,,,,
,N05,N056,Public Safety,,46,,,,,
,N05,N056,Public Transport,,1,,,,,
,N05,N056,Water,,3,,,,,
,N05,N057,Environment,,1117,,,,,
,N05,N057,Finance and Taxes,,71,,,,,
,N05,N057,Governance and Administration,,20,,,,,
,N05,N057,Health and Family Welfare,,204,,,,,
,N05,N057,Housing,,18,,,,,
,N05,N057,Infrastructure,,55,,,,,
,N05,N057,Law and Order,,956,,,,,
,N05,N057,Public Safety,,19,,,,,
,N05,N057,Public Transport,,1,,,,,
,N05,N057,Water,,9,,,,,
,N05,N058,Environment,,1215,,,,,
,N05,N058,Finance and Taxes,,88,,,,,
,N05,N058,Governance and Administration,,28,,,,,
,N05,N058,Health and Family Welfare,,313,,,,,
,N05,N058,Housing,,25,,,,,
,N05,N058,Infrastructure,,42,,,,,
,N05,N058,Law and Order,,437,,,,,
,N05,N058,Public Safety,,32,,,,,
,N05,N058,Public Transport,,3,,,,,
,N05,N058,Water,,22,,,,,
,N05,N059,Environment,,671,,,,,
,N05,N059,Finance and Taxes,,42,,,,,
,N05,N059,Governance and Administration,,36,,,,,
,N05,N059,Health and Family Welfare,,129,,,,,
,N05,N059,Housing,,11,,,,,
,N05,N059,Infrastructure,,20,,,,,
,N05,N059,Law and Order,,517,,,,,
,N05,N059,Public Safety,,8,,,,,
,N05,N059,Public Transport,,9,,,,,
,N05,N059,Water,,50,,,,,
,N05,N060,Environment,,594,,,,,
,N05,N060,Finance and Taxes,,38,,,,,
,N05,N060,Governance and Administration,,33,,,,,
,N05,N060,Health and Family Welfare,,203,,,,,
,N05,N060,Housing,,8,,,,,
,N05,N060,Infrastructure,,24,,,,,
,N05,N060,Law and Order,,203,,,,,
,N05,N060,Public Safety,,25,,,,,
,N05,N060,Public Transport,,22,,,,,
,N05,N060,Water,,72,,,,,
,N05,N061,Environment,,656,,,,,
,N05,N061,Finance and Taxes,,152,,,,,
,N05,N061,Governance and Administration,,10,,,,,
,N05,N061,Health and Family Welfare,,236,,,,,
,N05,N061,Housing,,6,,,,,
,N05,N061,Infrastructure,,13,,,,,
,N05,N061,Law and Order,,194,,,,,
,N05,N061,Public Safety,,6,,,,,
,N05,N061,Public Transport,,50,,,,,
,N05,N061,Water,,37,,,,,
,N05,N062,Environment,,553,,,,,
,N05,N062,Finance and Taxes,,83,,,,,
,N05,N062,Governance and Administration,,101,,,,,
,N05,N062,Health and Family Welfare,,145,,,,,
,N05,N062,Housing,,23,,,,,
,N05,N062,Infrastructure,,29,,,,,
,N05,N062,Law and Order,,99,,,,,
,N05,N062,Public Safety,,10,,,,,
,N05,N062,Public Transport,,72,,,,,
,N05,N062,Water,,43,,,,,
,N05,N063,Environment,,495,,,,,
,N05,N063,Finance and Taxes,,47,,,,,
,N05,N063,Governance and Administration,,61,,,,,
,N05,N063,Health and Family Welfare,,145,,,,,
,N05,N063,Housing,,9,,,,,
,N05,N063,Infrastructure,,20,,,,,
,N05,N063,Law and Order,,182,,,,,
,N05,N063,Public Safety,,15,,,,,
,N05,N063,Public Transport,,37,,,,,
,N05,N063,Water,,14,,,,,
,N06,N064,Environment,,1405,,,,,
,N06,N064,Finance and Taxes,,28,,,,,
,N06,N064,Governance and Administration,,21,,,,,
,N06,N064,Health and Family Welfare,,455,,,,,
,N06,N064,Housing,,11,,,,,
,N06,N064,Infrastructure,,29,,,,,
,N06,N064,Law and Order,,155,,,,,
,N06,N064,Public Safety,,31,,,,,
,N06,N064,Public Transport,,43,,,,,
,N06,N064,Water,,7,,,,,
,N06,N065,Environment,,865,,,,,
,N06,N065,Finance and Taxes,,73,,,,,
,N06,N065,Governance and Administration,,14,,,,,
,N06,N065,Health and Family Welfare,,266,,,,,
,N06,N065,Housing,,35,,,,,
,N06,N065,Infrastructure,,85,,,,,
,N06,N065,Law and Order,,232,,,,,
,N06,N065,Public Safety,,51,,,,,
,N06,N065,Public Transport,,14,,,,,
,N06,N065,Water,,13,,,,,
,N06,N066,Environment,,626,,,,,
,N06,N066,Finance and Taxes,,59,,,,,
,N06,N066,Governance and Administration,,49,,,,,
,N06,N066,Health and Family Welfare,,203,,,,,
,N06,N066,Housing,,52,,,,,
,N06,N066,Infrastructure,,140,,,,,
,N06,N066,Law and Order,,730,,,,,
,N06,N066,Public Safety,,60,,,,,
,N06,N066,Public Transport,,7,,,,,
,N06,N066,Water,,4,,,,,
,N06,N067,Environment,,300,,,,,
,N06,N067,Finance and Taxes,,55,,,,,
,N06,N067,Governance and Administration,,34,,,,,
,N06,N067,Health and Family Welfare,,90,,,,,
,N06,N067,Housing,,119,,,,,
,N06,N067,Infrastructure,,216,,,,,
,N06,N067,Law and Order,,1138,,,,,
,N06,N067,Public Safety,,69,,,,,
,N06,N067,Public Transport,,13,,,,,
,N06,N067,Water,,4,,,,,
,N06,N068,Environment,,476,,,,,
,N06,N068,Finance and Taxes,,26,,,,,
,N06,N068,Governance and Administration,,32,,,,,
,N06,N068,Health and Family Welfare,,129,,,,,
,N06,N068,Housing,,112,,,,,
,N06,N068,Infrastructure,,258,,,,,
,N06,N068,Law and Order,,1670,,,,,
,N06,N068,Public Safety,,71,,,,,
,N06,N068,Public Transport,,4,,,,,
,N06,N068,Water,,5,,,,,
,N06,N069,Environment,,580,,,,,
,N06,N069,Finance and Taxes,,33,,,,,
,N06,N069,Governance and Administration,,15,,,,,
,N06,N069,Health and Family Welfare,,175,,,,,
,N06,N069,Housing,,129,,,,,
,N06,N069,Infrastructure,,221,,,,,
,N06,N069,Law and Order,,1554,,,,,
,N06,N069,Public Safety,,15,,,,,
,N06,N069,Public Transport,,4,,,,,
,N06,N069,Water,,41,,,,,
,N06,N070,Environment,,792,,,,,
,N06,N070,Finance and Taxes,,24,,,,,
,N06,N070,Governance and Administration,,18,,,,,
,N06,N070,Health and Family Welfare,,192,,,,,
,N06,N070,Housing,,48,,,,,
,N06,N070,Infrastructure,,88,,,,,
,N06,N070,Law and Order,,1241,,,,,
,N06,N070,Public Safety,,14,,,,,
,N06,N070,Public Transport,,5,,,,,
,N06,N070,Water,,34,,,,,
,N06,N071,Environment,,305,,,,,
,N06,N071,Finance and Taxes,,41,,,,,
,N06,N071,Governance and Administration,,22,,,,,
,N06,N071,Health and Family Welfare,,80,,,,,
,N06,N071,Housing,,43,,,,,
,N06,N071,Infrastructure,,96,,,,,
,N06,N071,Law and Order,,611,,,,,
,N06,N071,Public Safety,,19,,,,,
,N06,N071,Public Transport,,41,,,,,
,N06,N071,Water,,13,,,,,
,N06,N072,Environment,,287,,,,,
,N06,N072,Finance and Taxes,,34,,,,,
,N06,N072,Governance and Administration,,22,,,,,
,N06,N072,Health and Family Welfare,,93,,,,,
,N06,N072,Housing,,39,,,,,
,N06,N072,Infrastructure,,106,,,,,
,N06,N072,Law and Order,,367,,,,,
,N06,N072,Public Safety,,13,,,,,
,N06,N072,Public Transport,,34,,,,,
,N06,N072,Water,,17,,,,,
,N06,N073,Environment,,300,,,,,
,N06,N073,Finance and Taxes,,24,,,,,
,N06,N073,Governance and Administration,,10,,,,,
,N06,N073,Health and Family Welfare,,101,,,,,
,N06,N073,Housing,,63,,,,,
,N06,N073,Infrastructure,,98,,,,,
,N06,N073,Law and Order,,546,,,,,
,N06,N073,Public Safety,,22,,,,,
,N06,N073,Public Transport,,13,,,,,
,N06,N073,Water,,12,,,,,
,N06,N074,Environment,,373,,,,,
,N06,N074,Finance and Taxes,,36,,,,,
,N06,N074,Governance and Administration,,18,,,,,
,N06,N074,Health and Family Welfare,,110,,,,,
,N06,N074,Housing,,28,,,,,
,N06,N074,Infrastructure,,61,,,,,
,N06,N074,Law and Order,,559,,,,,
,N06,N074,Public Safety,,13,,,,,
,N06,N074,Public Transport,,17,,,,,
,N06,N074,Water,,26,,,,,
,N06,N075,Environment,,221,,,,,
,N06,N075,Finance and Taxes,,66,,,,,
,N06,N075,Governance and Administration,,40,,,,,
,N06,N075,Health and Family Welfare,,65,,,,,
,N06,N075,Housing,,26,,,,,
,N06,N075,Infrastructure,,91,,,,,
,N06,N075,Law and Order,,403,,,,,
,N06,N075,Public Safety,,24,,,,,
,N06,N075,Public Transport,,12,,,,,
,N06,N075,Water,,14,,,,,
,N06,N076,Environment,,344,,,,,
,N06,N076,Finance and Taxes,,33,,,,,
,N06,N076,Governance and Administration,,31,,,,,
,N06,N076,Health and Family Welfare,,101,,,,,
,N06,N076,Housing,,41,,,,,
,N06,N076,Infrastructure,,67,,,,,
,N06,N076,Law and Order,,335,,,,,
,N06,N076,Public Safety,,35,,,,,
,N06,N076,Public Transport,,26,,,,,
,N06,N076,Water,,6,,,,,
,N06,N077,Environment,,457,,,,,
,N06,N077,Finance and Taxes,,46,,,,,
,N06,N077,Governance and Administration,,12,,,,,
,N06,N077,Health and Family Welfare,,84,,,,,
,N06,N077,Housing,,80,,,,,
,N06,N077,Infrastructure,,225,,,,,
,N06,N077,Law and Order,,734,,,,,
,N06,N077,Public Safety,,11,,,,,
,N06,N077,Public Transport,,14,,,,,
,N06,N077,Water,,22,,,,,
,N06,N078,Environment,,693,,,,,
,N06,N078,Finance and Taxes,,40,,,,,
,N06,N078,Governance and Administration,,9,,,,,
,N06,N078,Health and Family Welfare,,158,,,,,
,N06,N078,Housing,,29,,,,,
,N06,N078,Infrastructure,,71,,,,,
,N06,N078,Law and Order,,1096,,,,,
,N06,N078,Public Safety,,9,,,,,
,N06,N078,Public Transport,,6,,,,,
,N06,N078,Water,,15,,,,,
,N07,N079,Environment,,404,,,,,
,N07,N079,Finance and Taxes,,92,,,,,
,N07,N079,Governance and Administration,,14,,,,,
,N07,N079,Health and Family Welfare,,128,,,,,
,N07,N079,Housing,,43,,,,,
,N07,N079,Infrastructure,,106,,,,,
,N07,N079,Law and Order,,414,,,,,
,N07,N079,Public Safety,,21,,,,,
,N07,N079,Public Transport,,22,,,,,
,N07,N079,Water,,10,,,,,
,N07,N080,Environment,,549,,,,,
,N07,N080,Finance and Taxes,,55,,,,,
,N07,N080,Governance and Administration,,44,,,,,
,N07,N080,Health and Family Welfare,,121,,,,,
,N07,N080,Housing,,37,,,,,
,N07,N080,Infrastructure,,121,,,,,
,N07,N080,Law and Order,,618,,,,,
,N07,N080,Public Safety,,25,,,,,
,N07,N080,Public Transport,,15,,,,,
,N07,N080,Water,,5,,,,,
,N07,N081,Environment,,496,,,,,
,N07,N081,Finance and Taxes,,28,,,,,
,N07,N081,Governance and Administration,,107,,,,,
,N07,N081,Health and Family Welfare,,92,,,,,
,N07,N081,Housing,,20,,,,,
,N07,N081,Infrastructure,,52,,,,,
,N07,N081,Law and Order,,528,,,,,
,N07,N081,Public Safety,,17,,,,,
,N07,N081,Public Transport,,18,,,,,
,N07,N081,Water,,10,,,,,
,N07,N082,Environment,,973,,,,,
,N07,N082,Finance and Taxes,,35,,,,,
,N07,N082,Governance and Administration,,8,,,,,
,N07,N082,Health and Family Welfare,,304,,,,,
,N07,N082,Housing,,40,,,,,
,N07,N082,Infrastructure,,70,,,,,
,N07,N082,Law and Order,,460,,,,,
,N07,N082,Public Safety,,16,,,,,
,N07,N082,Public Transport,,18,,,,,
,N07,N082,Water,,9,,,,,
,N07,N083,Environment,,899,,,,,
,N07,N083,Finance and Taxes,,18,,,,,
,N07,N083,Governance and Administration,,5,,,,,
,N07,N083,Health and Family Welfare,,307,,,,,
,N07,N083,Housing,,24,,,,,
,N07,N083,Infrastructure,,65,,,,,
,N07,N083,Law and Order,,612,,,,,
,N07,N083,Public Safety,,32,,,,,
,N07,N083,Public Transport,,23,,,,,
,N07,N083,Water,,14,,,,,
,N07,N084,Environment,,253,,,,,
,N07,N084,Finance and Taxes,,12,,,,,
,N07,N084,Governance and Administration,,10,,,,,
,N07,N084,Health and Family Welfare,,97,,,,,
,N07,N084,Housing,,69,,,,,
,N07,N084,Infrastructure,,117,,,,,
,N07,N084,Law and Order,,466,,,,,
,N07,N084,Public Safety,,29,,,,,
,N07,N084,Public Transport,,15,,,,,
,N07,N084,Water,,15,,,,,
,N07,N085,Environment,,258,,,,,
,N07,N085,Finance and Taxes,,27,,,,,
,N07,N085,Governance and Administration,,13,,,,,
,N07,N085,Health and Family Welfare,,72,,,,,
,N07,N085,Housing,,35,,,,,
,N07,N085,Infrastructure,,92,,,,,
,N07,N085,Law and Order,,881,,,,,
,N07,N085,Public Safety,,25,,,,,
,N07,N085,Public Transport,,62,,,,,
,N07,N085,Water,,10,,,,,
,N07,N086,Environment,,173,,,,,
,N07,N086,Finance and Taxes,,20,,,,,
,N07,N086,Governance and Administration,,10,,,,,
,N07,N086,Health and Family Welfare,,94,,,,,
,N07,N086,Housing,,46,,,,,
,N07,N086,Infrastructure,,74,,,,,
,N07,N086,Law and Order,,701,,,,,
,N07,N086,Public Safety,,29,,,,,
,N07,N086,Public Transport,,10,,,,,
,N07,N086,Water,,21,,,,,
,N07,N087,Environment,,120,,,,,
,N07,N087,Finance and Taxes,,52,,,,,
,N07,N087,Governance and Administration,,23,,,,,
,N07,N087,Health and Family Welfare,,38,,,,,
,N07,N087,Housing,,41,,,,,
,N07,N087,Infrastructure,,131,,,,,
,N07,N087,Law and Order,,745,,,,,
,N07,N087,Public Safety,,35,,,,,
,N07,N087,Public Transport,,14,,,,,
,N07,N087,Water,,41,,,,,
,N07,N088,Environment,,359,,,,,
,N07,N088,Finance and Taxes,,34,,,,,
,N07,N088,Governance and Administration,,17,,,,,
,N07,N088,Health and Family Welfare,,69,,,,,
,N07,N088,Housing,,40,,,,,
,N07,N088,Infrastructure,,71,,,,,
,N07,N088,Law and Order,,740,,,,,
,N07,N088,Public Safety,,47,,,,,
,N07,N088,Public Transport,,25,,,,,
,N07,N088,Water,,50,,,,,
,N07,N089,Environment,,298,,,,,
,N07,N089,Finance and Taxes,,28,,,,,
,N07,N089,Governance and Administration,,6,,,,,
,N07,N089,Health and Family Welfare,,66,,,,,
,N07,N089,Housing,,43,,,,,
,N07,N089,Infrastructure,,154,,,,,
,N07,N089,Law and Order,,514,,,,,
,N07,N089,Public Safety,,73,,,,,
,N07,N089,Public Transport,,24,,,,,
,N07,N089,Water,,15,,,,,
,N07,N090,Environment,,357,,,,,
,N07,N090,Finance and Taxes,,29,,,,,
,N07,N090,Governance and Administration,,10,,,,,
,N07,N090,Health and Family Welfare,,105,,,,,
,N07,N090,Housing,,93,,,,,
,N07,N090,Infrastructure,,260,,,,,
,N07,N090,Law and Order,,1444,,,,,
,N07,N090,Public Safety,,28,,,,,
,N07,N090,Public Transport,,8,,,,,
,N07,N090,Water,,11,,,,,
,N07,N091,Environment,,397,,,,,
,N07,N091,Finance and Taxes,,97,,,,,
,N07,N091,Governance and Administration,,53,,,,,
,N07,N091,Health and Family Welfare,,91,,,,,
,N07,N091,Housing,,27,,,,,
,N07,N091,Infrastructure,,117,,,,,
,N07,N091,Law and Order,,1523,,,,,
,N07,N091,Public Safety,,32,,,,,
,N07,N091,Public Transport,,117,,,,,
,N07,N091,Water,,9,,,,,
,N07,N092,Environment,,415,,,,,
,N07,N092,Finance and Taxes,,88,,,,,
,N07,N092,Governance and Administration,,53,,,,,
,N07,N092,Health and Family Welfare,,91,,,,,
,N07,N092,Housing,,77,,,,,
,N07,N092,Infrastructure,,170,,,,,
,N07,N092,Law and Order,,678,,,,,
,N07,N092,Public Safety,,53,,,,,
,N07,N092,Public Transport,,46,,,,,
,N07,N092,Water,,25,,,,,
,N07,N093,Environment,,374,,,,,
,N07,N093,Finance and Taxes,,34,,,,,
,N07,N093,Governance and Administration,,16,,,,,
,N07,N093,Health and Family Welfare,,94,,,,,
,N07,N093,Housing,,75,,,,,
,N07,N093,Infrastructure,,109,,,,,
,N07,N093,Law and Order,,782,,,,,
,N07,N093,Public Safety,,29,,,,,
,N07,N093,Public Transport,,67,,,,,
,N07,N093,Water,,12,,,,,
,N09,N094,Environment,,811,,,,,
,N08,N094,Finance and Taxes,,30,,,,,
,N08,N094,Governance and Administration,,24,,,,,
,N08,N094,Health and Family Welfare,,222,,,,,
,N08,N094,Housing,,52,,,,,
,N08,N094,Infrastructure,,103,,,,,
,N08,N094,Law and Order,,753,,,,,
,N08,N094,Public Safety,,23,,,,,
,N08,N094,Public Transport,,25,,,,,
,N08,N094,Water,,22,,,,,
,N08,N095,Environment,,1273,,,,,
,N08,N095,Finance and Taxes,,30,,,,,
,N08,N095,Governance and Administration,,10,,,,,
,N08,N095,Health and Family Welfare,,300,,,,,
,N08,N095,Housing,,29,,,,,
,N08,N095,Infrastructure,,83,,,,,
,N08,N095,Law and Order,,725,,,,,
,N08,N095,Public Safety,,136,,,,,
,N08,N095,Public Transport,,38,,,,,
,N08,N095,Water,,13,,,,,
,N08,N096,Environment,,360,,,,,
,N08,N096,Finance and Taxes,,68,,,,,
,N08,N096,Governance and Administration,,40,,,,,
,N08,N096,Health and Family Welfare,,90,,,,,
,N08,N096,Housing,,108,,,,,
,N08,N096,Infrastructure,,330,,,,,
,N08,N096,Law and Order,,672,,,,,
,N08,N096,Public Safety,,67,,,,,
,N08,N096,Public Transport,,40,,,,,
,N08,N096,Water,,25,,,,,
,N08,N097,Environment,,331,,,,,
,N08,N097,Finance and Taxes,,91,,,,,
,N08,N097,Governance and Administration,,48,,,,,
,N08,N097,Health and Family Welfare,,67,,,,,
,N08,N097,Housing,,52,,,,,
,N08,N097,Infrastructure,,217,,,,,
,N08,N097,Law and Order,,2901,,,,,
,N08,N097,Public Safety,,85,,,,,
,N08,N097,Public Transport,,31,,,,,
,N08,N097,Water,,13,,,,,
,N08,N098,Environment,,323,,,,,
,N08,N098,Finance and Taxes,,79,,,,,
,N08,N098,Governance and Administration,,49,,,,,
,N08,N098,Health and Family Welfare,,89,,,,,
,N08,N098,Housing,,57,,,,,
,N08,N098,Infrastructure,,166,,,,,
,N08,N098,Law and Order,,1678,,,,,
,N08,N098,Public Safety,,17,,,,,
,N08,N098,Public Transport,,17,,,,,
,N08,N098,Water,,9,,,,,
,N08,N099,Environment,,745,,,,,
,N08,N099,Finance and Taxes,,73,,,,,
,N08,N099,Governance and Administration,,30,,,,,
,N08,N099,Health and Family Welfare,,165,,,,,
,N08,N099,Housing,,27,,,,,
,N08,N099,Infrastructure,,63,,,,,
,N08,N099,Law and Order,,1251,,,,,
,N08,N099,Public Safety,,59,,,,,
,N08,N099,Public Transport,,18,,,,,
,N08,N099,Water,,8,,,,,
,N08,N100,Environment,,1069,,,,,
,N08,N100,Finance and Taxes,,59,,,,,
,N08,N100,Governance and Administration,,36,,,,,
,N08,N100,Health and Family Welfare,,277,,,,,
,N08,N100,Housing,,44,,,,,
,N08,N100,Infrastructure,,120,,,,,
,N08,N100,Law and Order,,519,,,,,
,N08,N100,Public Safety,,41,,,,,
,N08,N100,Public Transport,,15,,,,,
,N08,N100,Water,,1,,,,,
,N08,N101,Environment,,771,,,,,
,N08,N101,Finance and Taxes,,54,,,,,
,N08,N101,Governance and Administration,,24,,,,,
,N08,N101,Health and Family Welfare,,229,,,,,
,N08,N101,Housing,,42,,,,,
,N08,N101,Infrastructure,,122,,,,,
,N08,N101,Law and Order,,1047,,,,,
,N08,N101,Public Safety,,49,,,,,
,N08,N101,Public Transport,,35,,,,,
,N08,N101,Water,,16,,,,,
,N08,N102,Environment,,724,,,,,
,N08,N102,Finance and Taxes,,93,,,,,
,N08,N102,Governance and Administration,,36,,,,,
,N08,N102,Health and Family Welfare,,226,,,,,
,N08,N102,Housing,,55,,,,,
,N08,N102,Infrastructure,,108,,,,,
,N08,N102,Law and Order,,1025,,,,,
,N08,N102,Public Safety,,25,,,,,
,N08,N102,Public Transport,,5,,,,,
,N08,N102,Water,,13,,,,,
,N08,N103,Environment,,725,,,,,
,N08,N103,Finance and Taxes,,42,,,,,
,N08,N103,Governance and Administration,,12,,,,,
,N08,N103,Health and Family Welfare,,178,,,,,
,N08,N103,Housing,,21,,,,,
,N08,N103,Infrastructure,,55,,,,,
,N08,N103,Law and Order,,932,,,,,
,N08,N103,Public Safety,,25,,,,,
,N08,N103,Public Transport,,5,,,,,
,N08,N103,Water,,17,,,,,
,N08,N104,Environment,,579,,,,,
,N08,N104,Finance and Taxes,,40,,,,,
,N08,N104,Governance and Administration,,18,,,,,
,N08,N104,Health and Family Welfare,,104,,,,,
,N08,N104,Housing,,33,,,,,
,N08,N104,Infrastructure,,85,,,,,
,N08,N104,Law and Order,,492,,,,,
,N08,N104,Public Safety,,36,,,,,
,N08,N104,Public Transport,,14,,,,,
,N08,N104,Water,,12,,,,,
,N08,N105,Environment,,953,,,,,
,N08,N105,Finance and Taxes,,76,,,,,
,N08,N105,Governance and Administration,,43,,,,,
,N08,N105,Health and Family Welfare,,236,,,,,
,N08,N105,Housing,,31,,,,,
,N08,N105,Infrastructure,,51,,,,,
,N08,N105,Law and Order,,697,,,,,
,N08,N105,Public Safety,,36,,,,,
,N08,N105,Public Transport,,30,,,,,
,N08,N105,Water,,13,,,,,
,N08,N106,Environment,,453,,,,,
,N08,N106,Finance and Taxes,,61,,,,,
,N08,N106,Governance and Administration,,20,,,,,
,N08,N106,Health and Family Welfare,,170,,,,,
,N08,N106,Housing,,51,,,,,
,N08,N106,Infrastructure,,83,,,,,
,N08,N106,Law and Order,,522,,,,,
,N08,N106,Public Safety,,15,,,,,
,N08,N106,Public Transport,,10,,,,,
,N08,N106,Water,,13,,,,,
,N08,N107,Environment,,608,,,,,
,N08,N107,Finance and Taxes,,51,,,,,
,N08,N107,Governance and Administration,,14,,,,,
,N08,N107,Health and Family Welfare,,145,,,,,
,N08,N107,Housing,,15,,,,,
,N08,N107,Infrastructure,,33,,,,,
,N08,N107,Law and Order,,715,,,,,
,N08,N107,Public Safety,,14,,,,,
,N08,N107,Public Transport,,36,,,,,
,N08,N107,Water,,14,,,,,
,N08,N108,Environment,,572,,,,,
,N08,N108,Finance and Taxes,,69,,,,,
,N08,N108,Governance and Administration,,32,,,,,
,N08,N108,Health and Family Welfare,,170,,,,,
,N08,N108,Housing,,20,,,,,
,N08,N108,Infrastructure,,73,,,,,
,N08,N108,Law and Order,,338,,,,,
,N08,N108,Public Safety,,24,,,,,
,N08,N108,Public Transport,,24,,,,,
,N08,N108,Water,,28,,,,,
,N09,N109,Environment,,936,,,,,
,N09,N109,Finance and Taxes,,78,,,,,
,N09,N109,Governance and Administration,,25,,,,,
,N09,N109,Health and Family Welfare,,209,,,,,
,N09,N109,Housing,,18,,,,,
,N09,N109,Infrastructure,,85,,,,,
,N09,N109,Law and Order,,572,,,,,
,N09,N109,Public Safety,,45,,,,,
,N09,N109,Public Transport,,27,,,,,
,N09,N109,Water,,21,,,,,
,N09,N110,Environment,,778,,,,,
,N09,N110,Finance and Taxes,,76,,,,,
,N09,N110,Governance and Administration,,33,,,,,
,N09,N110,Health and Family Welfare,,149,,,,,
,N09,N110,Housing,,69,,,,,
,N09,N110,Infrastructure,,114,,,,,
,N09,N110,Law and Order,,606,,,,,
,N09,N110,Public Safety,,25,,,,,
,N09,N110,Public Transport,,26,,,,,
,N09,N110,Water,,8,,,,,
,N09,N111,Environment,,647,,,,,
,N09,N111,Finance and Taxes,,76,,,,,
,N09,N111,Governance and Administration,,26,,,,,
,N09,N111,Health and Family Welfare,,192,,,,,
,N09,N111,Housing,,27,,,,,
,N09,N111,Infrastructure,,48,,,,,
,N09,N111,Law and Order,,1111,,,,,
,N09,N111,Public Safety,,40,,,,,
,N09,N111,Public Transport,,13,,,,,
,N09,N111,Water,,14,,,,,
,N09,N112,Environment,,674,,,,,
,N09,N112,Finance and Taxes,,41,,,,,
,N09,N112,Governance and Administration,,36,,,,,
,N09,N112,Health and Family Welfare,,197,,,,,
,N09,N112,Housing,,38,,,,,
,N09,N112,Infrastructure,,62,,,,,
,N09,N112,Law and Order,,604,,,,,
,N09,N112,Public Safety,,26,,,,,
,N09,N112,Public Transport,,9,,,,,
,N09,N112,Water,,14,,,,,
,N09,N113,Environment,,585,,,,,
,N09,N113,Finance and Taxes,,37,,,,,
,N09,N113,Governance and Administration,,18,,,,,
,N09,N113,Health and Family Welfare,,99,,,,,
,N09,N113,Housing,,19,,,,,
,N09,N113,Infrastructure,,36,,,,,
,N09,N113,Law and Order,,587,,,,,
,N09,N113,Public Safety,,33,,,,,
,N09,N113,Public Transport,,8,,,,,
,N09,N113,Water,,21,,,,,
,N09,N114,Environment,,721,,,,,
,N09,N114,Finance and Taxes,,42,,,,,
,N09,N114,Governance and Administration,,24,,,,,
,N09,N114,Health and Family Welfare,,229,,,,,
,N09,N114,Housing,,56,,,,,
,N09,N114,Infrastructure,,118,,,,,
,N09,N114,Law and Order,,503,,,,,
,N09,N114,Public Safety,,63,,,,,
,N09,N114,Public Transport,,1,,,,,
,N09,N114,Water,,26,,,,,
,N09,N115,Environment,,471,,,,,
,N09,N115,Finance and Taxes,,41,,,,,
,N09,N115,Governance and Administration,,28,,,,,
,N09,N115,Health and Family Welfare,,164,,,,,
,N09,N115,Housing,,93,,,,,
,N09,N115,Infrastructure,,204,,,,,
,N09,N115,Law and Order,,1067,,,,,
,N09,N115,Public Safety,,25,,,,,
,N09,N115,Public Transport,,16,,,,,
,N09,N115,Water,,27,,,,,
,N09,N116,Environment,,418,,,,,
,N09,N116,Finance and Taxes,,49,,,,,
,N09,N116,Governance and Administration,,42,,,,,
,N09,N116,Health and Family Welfare,,118,,,,,
,N09,N116,Housing,,14,,,,,
,N09,N116,Infrastructure,,45,,,,,
,N09,N116,Law and Order,,1357,,,,,
,N09,N116,Public Safety,,12,,,,,
,N09,N116,Public Transport,,13,,,,,
,N09,N116,Water,,26,,,,,
,N09,N117,Environment,,670,,,,,
,N09,N117,Finance and Taxes,,22,,,,,
,N09,N117,Governance and Administration,,8,,,,,
,N09,N117,Health and Family Welfare,,124,,,,,
,N09,N117,Housing,,28,,,,,
,N09,N117,Infrastructure,,60,,,,,
,N09,N117,Law and Order,,405,,,,,
,N09,N117,Public Safety,,22,,,,,
,N09,N117,Public Transport,,17,,,,,
,N09,N117,Water,,20,,,,,
,N09,N118,Environment,,468,,,,,
,N09,N118,Finance and Taxes,,28,,,,,
,N09,N118,Governance and Administration,,19,,,,,
,N09,N118,Health and Family Welfare,,106,,,,,
,N09,N118,Housing,,21,,,,,
,N09,N118,Infrastructure,,56,,,,,
,N09,N118,Law and Order,,342,,,,,
,N09,N118,Public Safety,,13,,,,,
,N09,N118,Public Transport,,12,,,,,
,N09,N118,Water,,57,,,,,
,N09,N119,Environment,,750,,,,,
,N09,N119,Finance and Taxes,,40,,,,,
,N09,N119,Governance and Administration,,33,,,,,
,N09,N119,Health and Family Welfare,,140,,,,,
,N09,N119,Housing,,8,,,,,
,N09,N119,Infrastructure,,20,,,,,
,N09,N119,Law and Order,,464,,,,,
,N09,N119,Public Safety,,25,,,,,
,N09,N119,Public Transport,,13,,,,,
,N09,N119,Water,,24,,,,,
,N09,N120,Environment,,309,,,,,
,N09,N120,Finance and Taxes,,132,,,,,
,N09,N120,Governance and Administration,,82,,,,,
,N09,N120,Health and Family Welfare,,70,,,,,
,N09,N120,Housing,,14,,,,,
,N09,N120,Infrastructure,,56,,,,,
,N09,N120,Law and Order,,134,,,,,
,N09,N120,Public Safety,,19,,,,,
,N09,N120,Public Transport,,13,,,,,
,N09,N120,Water,,19,,,,,
,N09,N121,Environment,,436,,,,,
,N09,N121,Finance and Taxes,,51,,,,,
,N09,N121,Governance and Administration,,36,,,,,
,N09,N121,Health and Family Welfare,,116,,,,,
,N09,N121,Housing,,14,,,,,
,N09,N121,Infrastructure,,40,,,,,
,N09,N121,Law and Order,,386,,,,,
,N09,N121,Public Safety,,49,,,,,
,N09,N121,Public Transport,,58,,,,,
,N09,N121,Water,,21,,,,,
,N09,N122,Environment,,830,,,,,
,N09,N122,Finance and Taxes,,38,,,,,
,N09,N122,Governance and Administration,,39,,,,,
,N09,N122,Health and Family Welfare,,196,,,,,
,N09,N122,Housing,,21,,,,,
,N09,N122,Infrastructure,,63,,,,,
,N09,N122,Law and Order,,400,,,,,
,N09,N122,Public Safety,,28,,,,,
,N09,N122,Public Transport,,54,,,,,
,N09,N122,Water,,37,,,,,
,N09,N123,Environment,,1315,,,,,
,N09,N123,Finance and Taxes,,45,,,,,
,N09,N123,Governance and Administration,,36,,,,,
,N09,N123,Health and Family Welfare,,366,,,,,
,N09,N123,Housing,,26,,,,,
,N09,N123,Infrastructure,,55,,,,,
,N09,N123,Law and Order,,577,,,,,
,N09,N123,Public Safety,,26,,,,,
,N09,N123,Public Transport,,16,,,,,
,N09,N123,Water,,55,,,,,
,N09,N124,Environment,,763,,,,,
,N09,N124,Finance and Taxes,,83,,,,,
,N09,N124,Governance and Administration,,47,,,,,
,N09,N124,Health and Family Welfare,,216,,,,,
,N09,N124,Housing,,27,,,,,
,N09,N124,Infrastructure,,39,,,,,
,N09,N124,Law and Order,,555,,,,,
,N09,N124,Public Safety,,40,,,,,
,N09,N124,Public Transport,,11,,,,,
,N09,N124,Water,,39,,,,,
,N09,N125,Environment,,526,,,,,
,N09,N125,Finance and Taxes,,126,,,,,
,N09,N125,Governance and Administration,,73,,,,,
,N09,N125,Health and Family Welfare,,214,,,,,
,N09,N125,Housing,,26,,,,,
,N09,N125,Infrastructure,,51,,,,,
,N09,N125,Law and Order,,568,,,,,
,N09,N125,Public Safety,,79,,,,,
,N09,N125,Public Transport,,12,,,,,
,N09,N125,Water,,42,,,,,
,N09,N126,Environment,,505,,,,,
,N09,N126,Finance and Taxes,,77,,,,,
,N09,N126,Governance and Administration,,56,,,,,
,N09,N126,Health and Family Welfare,,149,,,,,
,N09,N126,Housing,,54,,,,,
,N09,N126,Infrastructure,,128,,,,,
,N09,N126,Law and Order,,590,,,,,
,N09,N126,Public Safety,,69,,,,,
,N09,N126,Public Transport,,45,,,,,
,N09,N126,Water,,46,,,,,
,N10,N127,Environment,,880,,,,,
,N10,N127,Finance and Taxes,,56,,,,,
,N10,N127,Governance and Administration,,38,,,,,
,N10,N127,Health and Family Welfare,,235,,,,,
,N10,N127,Housing,,88,,,,,
,N10,N127,Infrastructure,,209,,,,,
,N10,N127,Law and Order,,1411,,,,,
,N10,N127,Public Safety,,26,,,,,
,N10,N127,Public Transport,,60,,,,,
,N10,N127,Water,,38,,,,,
,N10,N128,Environment,,1513,,,,,
,N10,N128,Finance and Taxes,,50,,,,,
,N10,N128,Governance and Administration,,34,,,,,
,N10,N128,Health and Family Welfare,,301,,,,,
,N10,N128,Housing,,21,,,,,
,N10,N128,Infrastructure,,61,,,,,
,N10,N128,Law and Order,,1540,,,,,
,N10,N128,Public Safety,,11,,,,,
,N10,N128,Public Transport,,90,,,,,
,N10,N128,Water,,14,,,,,
,N10,N129,Environment,,714,,,,,
,N10,N129,Finance and Taxes,,98,,,,,
,N10,N129,Governance and Administration,,73,,,,,
,N10,N129,Health and Family Welfare,,193,,,,,
,N10,N129,Housing,,18,,,,,
,N10,N129,Infrastructure,,32,,,,,
,N10,N129,Law and Order,,437,,,,,
,N10,N129,Public Safety,,30,,,,,
,N10,N129,Public Transport,,47,,,,,
,N10,N129,Water,,21,,,,,
,N10,N130,Environment,,740,,,,,
,N10,N130,Finance and Taxes,,60,,,,,
,N10,N130,Governance and Administration,,21,,,,,
,N10,N130,Health and Family Welfare,,152,,,,,
,N10,N130,Housing,,20,,,,,
,N10,N130,Infrastructure,,38,,,,,
,N10,N130,Law and Order,,329,,,,,
,N10,N130,Public Safety,,67,,,,,
,N10,N130,Public Transport,,67,,,,,
,N10,N130,Water,,31,,,,,
,N10,N131,Environment,,766,,,,,
,N10,N131,Finance and Taxes,,86,,,,,
,N10,N131,Governance and Administration,,50,,,,,
,N10,N131,Health and Family Welfare,,153,,,,,
,N10,N131,Housing,,32,,,,,
,N10,N131,Infrastructure,,108,,,,,
,N10,N131,Law and Order,,327,,,,,
,N10,N131,Public Safety,,104,,,,,
,N10,N131,Public Transport,,20,,,,,
,N10,N131,Water,,25,,,,,
,N10,N132,Environment,,895,,,,,
,N10,N132,Finance and Taxes,,53,,,,,
,N10,N132,Governance and Administration,,42,,,,,
,N10,N132,Health and Family Welfare,,180,,,,,
,N10,N132,Housing,,83,,,,,
,N10,N132,Infrastructure,,160,,,,,
,N10,N132,Law and Order,,774,,,,,
,N10,N132,Public Safety,,70,,,,,
,N10,N132,Public Transport,,57,,,,,
,N10,N132,Water,,43,,,,,
,N10,N133,Environment,,662,,,,,
,N10,N133,Finance and Taxes,,81,,,,,
,N10,N133,Governance and Administration,,29,,,,,
,N10,N133,Health and Family Welfare,,127,,,,,
,N10,N133,Housing,,59,,,,,
,N10,N133,Infrastructure,,120,,,,,
,N10,N133,Law and Order,,1555,,,,,
,N10,N133,Public Safety,,67,,,,,
,N10,N133,Public Transport,,24,,,,,
,N10,N133,Water,,11,,,,,
,N10,N134,Environment,,880,,,,,
,N10,N134,Finance and Taxes,,57,,,,,
,N10,N134,Governance and Administration,,39,,,,,
,N10,N134,Health and Family Welfare,,189,,,,,
,N10,N134,Housing,,65,,,,,
,N10,N134,Infrastructure,,144,,,,,
,N10,N134,Law and Order,,1291,,,,,
,N10,N134,Public Safety,,51,,,,,
,N10,N134,Public Transport,,19,,,,,
,N10,N134,Water,,18,,,,,
,N10,N135,Environment,,614,,,,,
,N10,N135,Finance and Taxes,,66,,,,,
,N10,N135,Governance and Administration,,27,,,,,
,N10,N135,Health and Family Welfare,,131,,,,,
,N10,N135,Housing,,69,,,,,
,N10,N135,Infrastructure,,122,,,,,
,N10,N135,Law and Order,,982,,,,,
,N10,N135,Public Safety,,35,,,,,
,N10,N135,Public Transport,,21,,,,,
,N10,N135,Water,,7,,,,,
,N10,N136,Environment,,963,,,,,
,N10,N136,Finance and Taxes,,33,,,,,
,N10,N136,Governance and Administration,,9,,,,,
,N10,N136,Health and Family Welfare,,202,,,,,
,N10,N136,Housing,,32,,,,,
,N10,N136,Infrastructure,,75,,,,,
,N10,N136,Law and Order,,895,,,,,
,N10,N136,Public Safety,,108,,,,,
,N10,N136,Public Transport,,37,,,,,
,N10,N136,Water,,12,,,,,
,N10,N137,Environment,,830,,,,,
,N10,N137,Finance and Taxes,,43,,,,,
,N10,N137,Governance and Administration,,18,,,,,
,N10,N137,Health and Family Welfare,,205,,,,,
,N10,N137,Housing,,77,,,,,
,N10,N137,Infrastructure,,174,,,,,
,N10,N137,Law and Order,,719,,,,,
,N10,N137,Public Safety,,39,,,,,
,N10,N137,Public Transport,,55,,,,,
,N10,N137,Water,,13,,,,,
,N10,N138,Environment,,758,,,,,
,N10,N138,Finance and Taxes,,19,,,,,
,N10,N138,Governance and Administration,,22,,,,,
,N10,N138,Health and Family Welfare,,205,,,,,
,N10,N138,Housing,,53,,,,,
,N10,N138,Infrastructure,,85,,,,,
,N10,N138,Law and Order,,1494,,,,,
,N10,N138,Public Safety,,30,,,,,
,N10,N138,Public Transport,,39,,,,,
,N10,N138,Water,,23,,,,,
,N10,N139,Environment,,441,,,,,
,N10,N139,Finance and Taxes,,76,,,,,
,N10,N139,Governance and Administration,,26,,,,,
,N10,N139,Health and Family Welfare,,122,,,,,
,N10,N139,Housing,,63,,,,,
,N10,N139,Infrastructure,,83,,,,,
,N10,N139,Law and Order,,722,,,,,
,N10,N139,Public Safety,,43,,,,,
,N10,N139,Public Transport,,42,,,,,
,N10,N139,Water,,10,,,,,
,N10,N140,Environment,,486,,,,,
,N10,N140,Finance and Taxes,,22,,,,,
,N10,N140,Governance and Administration,,9,,,,,
,N10,N140,Health and Family Welfare,,97,,,,,
,N10,N140,Housing,,46,,,,,
,N10,N140,Infrastructure,,114,,,,,
,N10,N140,Law and Order,,563,,,,,
,N10,N140,Public Safety,,51,,,,,
,N10,N140,Public Transport,,46,,,,,
,N10,N140,Water,,4,,,,,
,N10,N141,Environment,,344,,,,,
,N10,N141,Finance and Taxes,,14,,,,,
,N10,N141,Governance and Administration,,10,,,,,
,N10,N141,Health and Family Welfare,,83,,,,,
,N10,N141,Housing,,77,,,,,
,N10,N141,Infrastructure,,132,,,,,
,N10,N141,Law and Order,,962,,,,,
,N10,N141,Public Safety,,72,,,,,
,N10,N141,Public Transport,,38,,,,,
,N10,N141,Water,,5,,,,,
,N10,N142,Environment,,727,,,,,
,N10,N142,Finance and Taxes,,26,,,,,
,N10,N142,Governance and Administration,,10,,,,,
,N10,N142,Health and Family Welfare,,175,,,,,
,N10,N142,Housing,,56,,,,,
,N10,N142,Infrastructure,,69,,,,,
,N10,N142,Law and Order,,843,,,,,
,N10,N142,Public Safety,,52,,,,,
,N10,N142,Public Transport,,14,,,,,
,N10,N142,Water,,14,,,,,
,N11,N143,Environment,,431,,,,,
,N11,N143,Finance and Taxes,,22,,,,,
,N11,N143,Governance and Administration,,16,,,,,
,N11,N143,Health and Family Welfare,,93,,,,,
,N11,N143,Housing,,58,,,,,
,N11,N143,Infrastructure,,106,,,,,
,N11,N143,Law and Order,,672,,,,,
,N11,N143,Public Safety,,42,,,,,
,N11,N143,Public Transport,,21,,,,,
,N11,N143,Water,,20,,,,,
,N11,N144,Environment,,173,,,,,
,N11,N144,Finance and Taxes,,29,,,,,
,N11,N144,Governance and Administration,,20,,,,,
,N11,N144,Health and Family Welfare,,78,,,,,
,N11,N144,Housing,,42,,,,,
,N11,N144,Infrastructure,,118,,,,,
,N11,N144,Law and Order,,758,,,,,
,N11,N144,Public Safety,,34,,,,,
,N11,N144,Public Transport,,31,,,,,
,N11,N144,Water,,7,,,,,
,N11,N145,Environment,,232,,,,,
,N11,N145,Finance and Taxes,,30,,,,,
,N11,N145,Governance and Administration,,10,,,,,
,N11,N145,Health and Family Welfare,,124,,,,,
,N11,N145,Housing,,37,,,,,
,N11,N145,Infrastructure,,80,,,,,
,N11,N145,Law and Order,,887,,,,,
,N11,N145,Public Safety,,28,,,,,
,N11,N145,Public Transport,,25,,,,,
,N11,N145,Water,,22,,,,,
,N11,N146,Environment,,172,,,,,
,N11,N146,Finance and Taxes,,39,,,,,
,N11,N146,Governance and Administration,,21,,,,,
,N11,N146,Health and Family Welfare,,100,,,,,
,N11,N146,Housing,,60,,,,,
,N11,N146,Infrastructure,,171,,,,,
,N11,N146,Law and Order,,663,,,,,
,N11,N146,Public Safety,,48,,,,,
,N11,N146,Public Transport,,43,,,,,
,N11,N146,Water,,15,,,,,
,N11,N147,Environment,,497,,,,,
,N11,N147,Finance and Taxes,,24,,,,,
,N11,N147,Governance and Administration,,16,,,,,
,N11,N147,Health and Family Welfare,,166,,,,,
,N11,N147,Housing,,60,,,,,
,N11,N147,Infrastructure,,89,,,,,
,N11,N147,Law and Order,,913,,,,,
,N11,N147,Public Safety,,23,,,,,
,N11,N147,Public Transport,,11,,,,,
,N11,N147,Water,,7,,,,,
,N11,N148,Environment,,217,,,,,
,N11,N148,Finance and Taxes,,30,,,,,
,N11,N148,Governance and Administration,,13,,,,,
,N11,N148,Health and Family Welfare,,99,,,,,
,N11,N148,Housing,,21,,,,,
,N11,N148,Infrastructure,,68,,,,,
,N11,N148,Law and Order,,761,,,,,
,N11,N148,Public Safety,,42,,,,,
,N11,N148,Public Transport,,18,,,,,
,N11,N148,Water,,8,,,,,
,N11,N149,Environment,,611,,,,,
,N11,N149,Finance and Taxes,,20,,,,,
,N11,N149,Governance and Administration,,7,,,,,
,N11,N149,Health and Family Welfare,,165,,,,,
,N11,N149,Housing,,39,,,,,
,N11,N149,Infrastructure,,77,,,,,
,N11,N149,Law and Order,,504,,,,,
,N11,N149,Public Safety,,40,,,,,
,N11,N149,Public Transport,,51,,,,,
,N11,N149,Water,,24,,,,,
,N11,N150,Environment,,305,,,,,
,N11,N150,Finance and Taxes,,31,,,,,
,N11,N150,Governance and Administration,,28,,,,,
,N11,N150,Health and Family Welfare,,102,,,,,
,N11,N150,Housing,,37,,,,,
,N11,N150,Infrastructure,,89,,,,,
,N11,N150,Law and Order,,785,,,,,
,N11,N150,Public Safety,,43,,,,,
,N11,N150,Public Transport,,76,,,,,
,N11,N150,Water,,3,,,,,
,N11,N151,Environment,,321,,,,,
,N11,N151,Finance and Taxes,,13,,,,,
,N11,N151,Governance and Administration,,6,,,,,
,N11,N151,Health and Family Welfare,,84,,,,,
,N11,N151,Housing,,35,,,,,
,N11,N151,Infrastructure,,81,,,,,
,N11,N151,Law and Order,,600,,,,,
,N11,N151,Public Safety,,11,,,,,
,N11,N151,Public Transport,,55,,,,,
,N11,N151,Water,,11,,,,,
,N11,N152,Environment,,331,,,,,
,N11,N152,Finance and Taxes,,29,,,,,
,N11,N152,Governance and Administration,,9,,,,,
,N11,N152,Health and Family Welfare,,67,,,,,
,N11,N152,Housing,,22,,,,,
,N11,N152,Infrastructure,,37,,,,,
,N11,N152,Law and Order,,847,,,,,
,N11,N152,Public Safety,,23,,,,,
,N11,N152,Public Transport,,24,,,,,
,N11,N152,Water,,15,,,,,
,N11,N153,Environment,,836,,,,,
,N11,N153,Finance and Taxes,,59,,,,,
,N11,N153,Governance and Administration,,42,,,,,
,N11,N153,Health and Family Welfare,,218,,,,,
,N11,N153,Housing,,37,,,,,
,N11,N153,Infrastructure,,51,,,,,
,N11,N153,Law and Order,,323,,,,,
,N11,N153,Public Safety,,36,,,,,
,N11,N153,Public Transport,,34,,,,,
,N11,N153,Water,,5,,,,,
,N11,N154,Environment,,158,,,,,
,N11,N154,Finance and Taxes,,20,,,,,
,N11,N154,Governance and Administration,,12,,,,,
,N11,N154,Health and Family Welfare,,66,,,,,
,N11,N154,Housing,,50,,,,,
,N11,N154,Infrastructure,,76,,,,,
,N11,N154,Law and Order,,472,,,,,
,N11,N154,Public Safety,,82,,,,,
,N11,N154,Public Transport,,56,,,,,
,N11,N154,Water,,5,,,,,
,N11,N155,Environment,,362,,,,,
,N11,N155,Finance and Taxes,,29,,,,,
,N11,N155,Governance and Administration,,13,,,,,
,N11,N155,Health and Family Welfare,,113,,,,,
,N11,N155,Housing,,83,,,,,
,N11,N155,Infrastructure,,195,,,,,
,N11,N155,Law and Order,,637,,,,,
,N11,N155,Public Safety,,39,,,,,
,N11,N155,Public Transport,,83,,,,,
,N11,N155,Water,,4,,,,,
,N12,N156,Environment,,656,,,,,
,N12,N156,Finance and Taxes,,2,,,,,
,N12,N156,Governance and Administration,,3,,,,,
,N12,N156,Health and Family Welfare,,186,,,,,
,N12,N156,Housing,,52,,,,,
,N12,N156,Infrastructure,,166,,,,,
,N12,N156,Law and Order,,1534,,,,,
,N12,N156,Public Safety,,40,,,,,
,N12,N156,Public Transport,,70,,,,,
,N12,N156,Water,,1,,,,,
,N12,N157,Environment,,260,,,,,
,N12,N157,Finance and Taxes,,8,,,,,
,N12,N157,Governance and Administration,,2,,,,,
,N12,N157,Health and Family Welfare,,99,,,,,
,N12,N157,Housing,,69,,,,,
,N12,N157,Infrastructure,,120,,,,,
,N12,N157,Law and Order,,935,,,,,
,N12,N157,Public Safety,,48,,,,,
,N12,N157,Public Transport,,49,,,,,
,N12,N157,Water,,14,,,,,
,N12,N158,Environment,,286,,,,,
,N12,N158,Finance and Taxes,,19,,,,,
,N12,N158,Governance and Administration,,12,,,,,
,N12,N158,Health and Family Welfare,,115,,,,,
,N12,N158,Housing,,23,,,,,
,N12,N158,Infrastructure,,94,,,,,
,N12,N158,Law and Order,,747,,,,,
,N12,N158,Public Safety,,109,,,,,
,N12,N158,Public Transport,,27,,,,,
,N12,N158,Water,,8,,,,,
,N12,N159,Environment,,31,,,,,
,N12,N159,Finance and Taxes,,22,,,,,
,N12,N159,Governance and Administration,,4,,,,,
,N12,N159,Health and Family Welfare,,9,,,,,
,N12,N159,Housing,,50,,,,,
,N12,N159,Infrastructure,,108,,,,,
,N12,N159,Law and Order,,768,,,,,
,N12,N159,Public Safety,,110,,,,,
,N12,N159,Public Transport,,45,,,,,
,N12,N159,Water,,3,,,,,
,N12,N160,Environment,,134,,,,,
,N12,N160,Finance and Taxes,,15,,,,,
,N12,N160,Governance and Administration,,6,,,,,
,N12,N160,Health and Family Welfare,,41,,,,,
,N12,N160,Housing,,89,,,,,
,N12,N160,Infrastructure,,187,,,,,
,N12,N160,Law and Order,,1261,,,,,
,N12,N160,Public Safety,,68,,,,,
,N12,N160,Public Transport,,51,,,,,
,N12,N160,Water,,15,,,,,
,N12,N161,Environment,,264,,,,,
,N12,N161,Finance and Taxes,,13,,,,,
,N12,N161,Governance and Administration,,5,,,,,
,N12,N161,Health and Family Welfare,,67,,,,,
,N12,N161,Housing,,55,,,,,
,N12,N161,Infrastructure,,148,,,,,
,N12,N161,Law and Order,,2071,,,,,
,N12,N161,Public Safety,,39,,,,,
,N12,N161,Public Transport,,67,,,,,
,N12,N161,Water,,12,,,,,
,N12,N162,Environment,,224,,,,,
,N12,N162,Finance and Taxes,,22,,,,,
,N12,N162,Governance and Administration,,13,,,,,
,N12,N162,Health and Family Welfare,,82,,,,,
,N12,N162,Housing,,51,,,,,
,N12,N162,Infrastructure,,81,,,,,
,N12,N162,Law and Order,,1149,,,,,
,N12,N162,Public Safety,,45,,,,,
,N12,N162,Public Transport,,44,,,,,
,N12,N162,Water,,4,,,,,
,N12,N163,Environment,,157,,,,,
,N12,N163,Finance and Taxes,,4,,,,,
,N12,N163,Governance and Administration,,5,,,,,
,N12,N163,Health and Family Welfare,,34,,,,,
,N12,N163,Housing,,33,,,,,
,N12,N163,Infrastructure,,81,,,,,
,N12,N163,Law and Order,,874,,,,,
,N12,N163,Public Safety,,45,,,,,
,N12,N163,Public Transport,,44,,,,,
,N12,N163,Water,,14,,,,,
,N12,N164,Environment,,214,,,,,
,N12,N164,Finance and Taxes,,20,,,,,
,N12,N164,Governance and Administration,,7,,,,,
,N12,N164,Health and Family Welfare,,63,,,,,
,N12,N164,Housing,,49,,,,,
,N12,N164,Infrastructure,,124,,,,,
,N12,N164,Law and Order,,905,,,,,
,N12,N164,Public Safety,,47,,,,,
,N12,N164,Public Transport,,47,,,,,
,N12,N164,Water,,16,,,,,
,N12,N165,Environment,,441,,,,,
,N12,N165,Finance and Taxes,,16,,,,,
,N12,N165,Governance and Administration,,6,,,,,
,N12,N165,Health and Family Welfare,,102,,,,,
,N12,N165,Housing,,26,,,,,
,N12,N165,Infrastructure,,65,,,,,
,N12,N165,Law and Order,,1086,,,,,
,N12,N165,Public Safety,,74,,,,,
,N12,N165,Public Transport,,40,,,,,
,N12,N165,Water,,18,,,,,
,N12,N166,Environment,,149,,,,,
,N12,N166,Finance and Taxes,,138,,,,,
,N12,N166,Governance and Administration,,126,,,,,
,N12,N166,Health and Family Welfare,,56,,,,,
,N12,N166,Housing,,57,,,,,
,N12,N166,Infrastructure,,126,,,,,
,N12,N166,Law and Order,,713,,,,,
,N12,N166,Public Safety,,24,,,,,
,N12,N166,Public Transport,,21,,,,,
,N12,N166,Water,,22,,,,,
,N12,N167,Environment,,397,,,,,
,N12,N167,Finance and Taxes,,41,,,,,
,N12,N167,Governance and Administration,,16,,,,,
,N12,N167,Health and Family Welfare,,70,,,,,
,N12,N167,Housing,,24,,,,,
,N12,N167,Infrastructure,,70,,,,,
,N12,N167,Law and Order,,1262,,,,,
,N12,N167,Public Safety,,43,,,,,
,N12,N167,Public Transport,,41,,,,,
,N12,N167,Water,,26,,,,,
,N13,N168,Environment,,500,,,,,
,N13,N168,Finance and Taxes,,37,,,,,
,N13,N168,Governance and Administration,,21,,,,,
,N13,N168,Health and Family Welfare,,72,,,,,
,N13,N168,Housing,,53,,,,,
,N13,N168,Infrastructure,,108,,,,,
,N13,N168,Law and Order,,907,,,,,
,N13,N168,Public Safety,,86,,,,,
,N13,N168,Public Transport,,25,,,,,
,N13,N168,Water,,9,,,,,
,N13,N169,Environment,,1098,,,,,
,N13,N169,Finance and Taxes,,28,,,,,
,N13,N169,Governance and Administration,,39,,,,,
,N13,N169,Health and Family Welfare,,283,,,,,
,N13,N169,Housing,,87,,,,,
,N13,N169,Infrastructure,,115,,,,,
,N13,N169,Law and Order,,808,,,,,
,N13,N169,Public Safety,,66,,,,,
,N13,N169,Public Transport,,27,,,,,
,N13,N169,Water,,10,,,,,
,N13,N170,Environment,,628,,,,,
,N13,N170,Finance and Taxes,,58,,,,,
,N13,N170,Governance and Administration,,52,,,,,
,N13,N170,Health and Family Welfare,,186,,,,,
,N13,N170,Housing,,81,,,,,
,N13,N170,Infrastructure,,101,,,,,
,N13,N170,Law and Order,,1260,,,,,
,N13,N170,Public Safety,,31,,,,,
,N13,N170,Public Transport,,15,,,,,
,N13,N170,Water,,10,,,,,
,N13,N171,Environment,,755,,,,,
,N13,N171,Finance and Taxes,,29,,,,,
,N13,N171,Governance and Administration,,18,,,,,
,N13,N171,Health and Family Welfare,,232,,,,,
,N13,N171,Housing,,34,,,,,
,N13,N171,Infrastructure,,55,,,,,
,N13,N171,Law and Order,,1155,,,,,
,N13,N171,Public Safety,,27,,,,,
,N13,N171,Public Transport,,16,,,,,
,N13,N171,Water,,16,,,,,
,N13,N172,Environment,,705,,,,,
,N13,N172,Finance and Taxes,,71,,,,,
,N13,N172,Governance and Administration,,38,,,,,
,N13,N172,Health and Family Welfare,,202,,,,,
,N13,N172,Housing,,31,,,,,
,N13,N172,Infrastructure,,99,,,,,
,N13,N172,Law and Order,,591,,,,,
,N13,N172,Public Safety,,36,,,,,
,N13,N172,Public Transport,,8,,,,,
,N13,N172,Water,,20,,,,,
,N13,N173,Environment,,712,,,,,
,N13,N173,Finance and Taxes,,71,,,,,
,N13,N173,Governance and Administration,,27,,,,,
,N13,N173,Health and Family Welfare,,283,,,,,
,N13,N173,Housing,,24,,,,,
,N13,N173,Infrastructure,,41,,,,,
,N13,N173,Law and Order,,798,,,,,
,N13,N173,Public Safety,,66,,,,,
,N13,N173,Public Transport,,12,,,,,
,N13,N173,Water,,10,,,,,
,N13,N174,Environment,,550,,,,,
,N13,N174,Finance and Taxes,,95,,,,,
,N13,N174,Governance and Administration,,62,,,,,
,N13,N174,Health and Family Welfare,,104,,,,,
,N13,N174,Housing,,43,,,,,
,N13,N174,Infrastructure,,118,,,,,
,N13,N174,Law and Order,,483,,,,,
,N13,N174,Public Safety,,49,,,,,
,N13,N174,Public Transport,,37,,,,,
,N13,N174,Water,,21,,,,,
,N13,N175,Environment,,972,,,,,
,N13,N175,Finance and Taxes,,58,,,,,
,N13,N175,Governance and Administration,,37,,,,,
,N13,N175,Health and Family Welfare,,248,,,,,
,N13,N175,Housing,,28,,,,,
,N13,N175,Infrastructure,,53,,,,,
,N13,N175,Law and Order,,917,,,,,
,N13,N175,Public Safety,,41,,,,,
,N13,N175,Public Transport,,15,,,,,
,N13,N175,Water,,16,,,,,
,N13,N176,Environment,,1010,,,,,
,N13,N176,Finance and Taxes,,121,,,,,
,N13,N176,Governance and Administration,,92,,,,,
,N13,N176,Health and Family Welfare,,231,,,,,
,N13,N176,Housing,,23,,,,,
,N13,N176,Infrastructure,,51,,,,,
,N13,N176,Law and Order,,896,,,,,
,N13,N176,Public Safety,,30,,,,,
,N13,N176,Public Transport,,27,,,,,
,N13,N176,Water,,13,,,,,
,N13,N177,Environment,,1283,,,,,
,N13,N177,Finance and Taxes,,56,,,,,
,N13,N177,Governance and Administration,,79,,,,,
,N13,N177,Health and Family Welfare,,296,,,,,
,N13,N177,Housing,,40,,,,,
,N13,N177,Infrastructure,,58,,,,,
,N13,N177,Law and Order,,450,,,,,
,N13,N177,Public Safety,,24,,,,,
,N13,N177,Public Transport,,13,,,,,
,N13,N177,Water,,25,,,,,
,N13,N178,Environment,,836,,,,,
,N13,N178,Finance and Taxes,,60,,,,,
,N13,N178,Governance and Administration,,18,,,,,
,N13,N178,Health and Family Welfare,,165,,,,,
,N13,N178,Housing,,30,,,,,
,N13,N178,Infrastructure,,40,,,,,
,N13,N178,Law and Order,,367,,,,,
,N13,N178,Public Safety,,45,,,,,
,N13,N178,Public Transport,,21,,,,,
,N13,N178,Water,,27,,,,,
,N13,N179,Environment,,1304,,,,,
,N13,N179,Finance and Taxes,,100,,,,,
,N13,N179,Governance and Administration,,51,,,,,
,N13,N179,Health and Family Welfare,,317,,,,,
,N13,N179,Housing,,45,,,,,
,N13,N179,Infrastructure,,73,,,,,
,N13,N179,Law and Order,,350,,,,,
,N13,N179,Public Safety,,31,,,,,
,N13,N179,Public Transport,,38,,,,,
,N13,N179,Water,,15,,,,,
,N13,N180,Environment,,669,,,,,
,N13,N180,Finance and Taxes,,13,,,,,
,N13,N180,Governance and Administration,,8,,,,,
,N13,N180,Health and Family Welfare,,191,,,,,
,N13,N180,Housing,,27,,,,,
,N13,N180,Infrastructure,,43,,,,,
,N13,N180,Law and Order,,811,,,,,
,N13,N180,Public Safety,,44,,,,,
,N13,N180,Public Transport,,45,,,,,
,N13,N180,Water,,16,,,,,
,N13,N181,Environment,,833,,,,,
,N13,N181,Finance and Taxes,,30,,,,,
,N13,N181,Governance and Administration,,13,,,,,
,N13,N181,Health and Family Welfare,,166,,,,,
,N13,N181,Housing,,28,,,,,
,N13,N181,Infrastructure,,65,,,,,
,N13,N181,Law and Order,,461,,,,,
,N13,N181,Public Safety,,36,,,,,
,N13,N181,Public Transport,,6,,,,,
,N13,N181,Water,,8,,,,,
,N13,N182,Environment,,1122,,,,,
,N13,N182,Finance and Taxes,,23,,,,,
,N13,N182,Governance and Administration,,13,,,,,
,N13,N182,Health and Family Welfare,,256,,,,,
,N13,N182,Housing,,22,,,,,
,N13,N182,Infrastructure,,43,,,,,
,N13,N182,Law and Order,,955,,,,,
,N13,N182,Public Safety,,24,,,,,
,N13,N182,Public Transport,,21,,,,,
,N13,N182,Water,,12,,,,,
,N14,N183,Environment,,395,,,,,
,N14,N183,Finance and Taxes,,21,,,,,
,N14,N183,Governance and Administration,,7,,,,,
,N14,N183,Health and Family Welfare,,104,,,,,
,N14,N183,Housing,,39,,,,,
,N14,N183,Infrastructure,,52,,,,,
,N14,N183,Law and Order,,516,,,,,
,N14,N183,Public Safety,,34,,,,,
,N14,N183,Public Transport,,44,,,,,
,N14,N183,Water,,37,,,,,
,N14,N184,Environment,,328,,,,,
,N14,N184,Finance and Taxes,,13,,,,,
,N14,N184,Governance and Administration,,7,,,,,
,N14,N184,Health and Family Welfare,,119,,,,,
,N14,N184,Housing,,19,,,,,
,N14,N184,Infrastructure,,51,,,,,
,N14,N184,Law and Order,,500,,,,,
,N14,N184,Public Safety,,60,,,,,
,N14,N184,Public Transport,,7,,,,,
,N14,N184,Water,,15,,,,,
,N14,N185,Environment,,269,,,,,
,N14,N185,Finance and Taxes,,143,,,,,
,N14,N185,Governance and Administration,,89,,,,,
,N14,N185,Health and Family Welfare,,135,,,,,
,N14,N185,Housing,,51,,,,,
,N14,N185,Infrastructure,,135,,,,,
,N14,N185,Law and Order,,559,,,,,
,N14,N185,Public Safety,,26,,,,,
,N14,N185,Public Transport,,5,,,,,
,N14,N185,Water,,27,,,,,
,N14,N186,Environment,,279,,,,,
,N14,N186,Finance and Taxes,,28,,,,,
,N14,N186,Governance and Administration,,29,,,,,
,N14,N186,Health and Family Welfare,,102,,,,,
,N14,N186,Housing,,14,,,,,
,N14,N186,Infrastructure,,30,,,,,
,N14,N186,Law and Order,,1338,,,,,
,N14,N186,Public Safety,,51,,,,,
,N14,N186,Public Transport,,1,,,,,
,N14,N186,Water,,13,,,,,
,N14,N187,Environment,,293,,,,,
,N14,N187,Finance and Taxes,,20,,,,,
,N14,N187,Governance and Administration,,24,,,,,
,N14,N187,Health and Family Welfare,,50,,,,,
,N14,N187,Housing,,42,,,,,
,N14,N187,Infrastructure,,44,,,,,
,N14,N187,Law and Order,,293,,,,,
,N14,N187,Public Safety,,100,,,,,
,N14,N187,Public Transport,,3,,,,,
,N14,N187,Water,,21,,,,,
,N14,N188,Environment,,2239,,,,,
,N14,N188,Finance and Taxes,,20,,,,,
,N14,N188,Governance and Administration,,16,,,,,
,N14,N188,Health and Family Welfare,,551,,,,,
,N14,N188,Housing,,65,,,,,
,N14,N188,Infrastructure,,139,,,,,
,N14,N188,Law and Order,,533,,,,,
,N14,N188,Public Safety,,23,,,,,
,N14,N188,Public Transport,,19,,,,,
,N14,N188,Water,,6,,,,,
,N14,N189,Environment,,585,,,,,
,N14,N189,Finance and Taxes,,20,,,,,
,N14,N189,Governance and Administration,,31,,,,,
,N14,N189,Health and Family Welfare,,111,,,,,
,N14,N189,Housing,,38,,,,,
,N14,N189,Infrastructure,,45,,,,,
,N14,N189,Law and Order,,1320,,,,,
,N14,N189,Public Safety,,7,,,,,
,N14,N189,Public Transport,,15,,,,,
,N14,N189,Water,,19,,,,,
,N14,N190,Environment,,459,,,,,
,N14,N190,Finance and Taxes,,87,,,,,
,N14,N190,Governance and Administration,,69,,,,,
,N14,N190,Health and Family Welfare,,137,,,,,
,N14,N190,Housing,,18,,,,,
,N14,N190,Infrastructure,,25,,,,,
,N14,N190,Law and Order,,510,,,,,
,N14,N190,Public Safety,,3,,,,,
,N14,N190,Public Transport,,4,,,,,
,N14,N190,Water,,44,,,,,
,N14,N191,Environment,,212,,,,,
,N14,N191,Finance and Taxes,,24,,,,,
,N14,N191,Governance and Administration,,17,,,,,
,N14,N191,Health and Family Welfare,,55,,,,,
,N14,N191,Housing,,2,,,,,
,N14,N191,Infrastructure,,9,,,,,
,N14,N191,Law and Order,,367,,,,,
,N14,N191,Public Safety,,15,,,,,
,N14,N191,Public Transport,,18,,,,,
,N15,N191,Water,,11,,,,,
,N15,N192,Environment,,324,,,,,
,N15,N192,Finance and Taxes,,22,,,,,
,N15,N192,Governance and Administration,,12,,,,,
,N15,N192,Health and Family Welfare,,128,,,,,
,N15,N192,Housing,,10,,,,,
,N15,N192,Infrastructure,,16,,,,,
,N15,N192,Law and Order,,57,,,,,
,N15,N192,Public Safety,,13,,,,,
,N15,N192,Public Transport,,26,,,,,
,N15,N192,Water,,5,,,,,
,N15,N193,Environment,,581,,,,,
,N15,N193,Finance and Taxes,,32,,,,,
,N15,N193,Governance and Administration,,21,,,,,
,N15,N193,Health and Family Welfare,,183,,,,,
,N15,N193,Housing,,23,,,,,
,N15,N193,Infrastructure,,56,,,,,
,N15,N193,Law and Order,,141,,,,,
,N15,N193,Public Safety,,22,,,,,
,N15,N193,Public Transport,,7,,,,,
,N15,N193,Water,,15,,,,,
,N15,N194,Environment,,207,,,,,
,N15,N194,Finance and Taxes,,25,,,,,
,N15,N194,Governance and Administration,,30,,,,,
,N15,N194,Health and Family Welfare,,83,,,,,
,N15,N194,Housing,,24,,,,,
,N15,N194,Infrastructure,,41,,,,,
,N15,N194,Law and Order,,400,,,,,
,N15,N194,Public Safety,,12,,,,,
,N15,N194,Public Transport,,24,,,,,
,N15,N194,Water,,23,,,,,
,N15,N195,Environment,,148,,,,,
,N15,N195,Finance and Taxes,,10,,,,,
,N15,N195,Governance and Administration,,14,,,,,
,N15,N195,Health and Family Welfare,,47,,,,,
,N15,N195,Housing,,7,,,,,
,N15,N195,Infrastructure,,20,,,,,
,N15,N195,Law and Order,,316,,,,,
,N15,N195,Public Safety,,14,,,,,
,N15,N195,Public Transport,,14,,,,,
,N15,N195,Water,,9,,,,,
,N15,N196,Environment,,181,,,,,
,N15,N196,Finance and Taxes,,4,,,,,
,N15,N196,Governance and Administration,,1,,,,,
,N15,N196,Health and Family Welfare,,103,,,,,
,N15,N196,Housing,,22,,,,,
,N15,N196,Infrastructure,,32,,,,,
,N15,N196,Law and Order,,155,,,,,
,N15,N196,Public Safety,,34,,,,,
,N15,N196,Public Transport,,24,,,,,
,N15,N196,Water,,2,,,,,
,N15,N197,Environment,,296,,,,,
,N15,N197,Finance and Taxes,,5,,,,,
,N15,N197,Governance and Administration,,4,,,,,
,N15,N197,Health and Family Welfare,,6,,,,,
,N15,N197,Housing,,12,,,,,
,N15,N197,Infrastructure,,53,,,,,
,N15,N197,Law and Order,,225,,,,,
,N15,N197,Public Safety,,10,,,,,
,N15,N197,Public Transport,,34,,,,,
,N15,N197,Water,,3,,,,,
,N15,N198,Environment,,127,,,,,
,N15,N198,Finance and Taxes,,7,,,,,
,N15,N198,Governance and Administration,,3,,,,,
,N15,N198,Health and Family Welfare,,63,,,,,
,N15,N198,Housing,,12,,,,,
,N15,N198,Infrastructure,,28,,,,,
,N15,N198,Law and Order,,526,,,,,
,N15,N198,Public Safety,,21,,,,,
,N15,N198,Public Transport,,46,,,,,
,N15,N198,Water,,3,,,,,
,N15,N199,Environment,,38,,,,,
,N15,N199,Finance and Taxes,,8,,,,,
,N15,N199,Governance and Administration,,3,,,,,
,N15,N199,Health and Family Welfare,,22,,,,,
,N15,N199,Housing,,19,,,,,
,N15,N199,Infrastructure,,54,,,,,
,N15,N199,Law and Order,,189,,,,,
,N15,N199,Public Safety,,12,,,,,
,N15,N199,Public Transport,,26,,,,,
,N15,N199,Water,,4,,,,,
,N15,N200,Environment,,72,,,,,
,N15,N200,Finance and Taxes,,4,,,,,
,N15,N200,Governance and Administration,,3,,,,,
,N15,N200,Health and Family Welfare,,37,,,,,
,N15,N200,Housing,,22,,,,,
,N15,N200,Infrastructure,,3,,,,,
,N15,N200,Law and Order,,350,,,,,
,N15,N200,Public Safety,,49,,,,,
,N15,N200,Public Transport,,35,,,,,
,N15,N200,Water,,5,,,,,
