country,band,value,year
Germany,700,0.2338,2015
Germany,800,0,2015
Germany,900,0.2672,2015
Germany,1500,0.1113,2015
Germany,1800,0.334,2015
Germany,2100,0,2015
Germany,2300,0,2015
Germany,2600,0,2015
Austria,700,0,2015
Austria,800,0,2015
Austria,900,0,2015
Austria,1500,0,2015
Austria,1800,0,2015
Austria,2100,0,2015
Austria,2300,0,2015
Austria,2600,0,2015
Itally,700,0,2015
Itally,800,0,2015
Itally,900,0,2015
Itally,1500,0,2015
Itally,1800,0,2015
Itally,2100,0,2015
Itally,2300,0,2015
Itally,2600,0,2015
France,700,0,2015
France,800,0,2015
France,900,0,2015
France,1500,0,2015
France,1800,0,2015
France,2100,0,2015
France,2300,0,2015
France,2600,0,2015
Portugal,700,0,2015
Portugal,800,0,2015
Portugal,900,0,2015
Portugal,1500,0,2015
Portugal,1800,0,2015
Portugal,2100,0,2015
Portugal,2300,0,2015
Portugal,2600,0,2015
Spain,700,0,2015
Spain,800,0,2015
Spain,900,0,2015
Spain,1500,0,2015
Spain,1800,0,2015
Spain,2100,0,2015
Spain,2300,0,2015
Spain,2600,0,2015
Germany,700,0,2014
Germany,800,0,2014
Germany,900,0,2014
Germany,1500,0,2014
Germany,1800,0,2014
Germany,2100,0,2014
Germany,2300,0,2014
Germany,2600,0,2014
Austria,700,0,2014
Austria,800,0,2014
Austria,900,0,2014
Austria,1500,0,2014
Austria,1800,0,2014
Austria,2100,0,2014
Austria,2300,0,2014
Austria,2600,0,2014
Itally,700,0,2014
Itally,800,0,2014
Itally,900,0,2014
Itally,1500,0,2014
Itally,1800,0,2014
Itally,2100,0,2014
Itally,2300,0,2014
Itally,2600,0,2014
France,700,0,2014
France,800,0,2014
France,900,0,2014
France,1500,0,2014
France,1800,0,2014
France,2100,0,2014
France,2300,0,2014
France,2600,0,2014
Portugal,700,0,2014
Portugal,800,0,2014
Portugal,900,0,2014
Portugal,1500,0,2014
Portugal,1800,0,2014
Portugal,2100,0,2014
Portugal,2300,0,2014
Portugal,2600,0,2014
Spain,700,0,2014
Spain,800,0,2014
Spain,900,0,2014
Spain,1500,0,2014
Spain,1800,0,2014
Spain,2100,0,2014
Spain,2300,0,2014
Spain,2600,0,2014
Germany,700,0,2013
Germany,800,0,2013
Germany,900,0,2013
Germany,1500,0,2013
Germany,1800,0,2013
Germany,2100,0,2013
Germany,2300,0,2013
Germany,2600,0,2013
Austria,700,0,2013
Austria,800,0.2212,2013
Austria,900,0,2013
Austria,1500,0.2082,2013
Austria,1800,0,2013
Austria,2100,0.0586,2013
Austria,2300,0,2013
Austria,2600,0,2013
Itally,700,0,2013
Itally,800,0,2013
Itally,900,0,2013
Itally,1500,0,2013
Itally,1800,0,2013
Itally,2100,0,2013
Itally,2300,0,2013
Itally,2600,0,2013
France,700,0,2013
France,800,0,2013
France,900,0,2013
France,1500,0,2013
France,1800,0,2013
France,2100,0,2013
France,2300,0,2013
France,2600,0,2013
Portugal,700,0,2013
Portugal,800,0,2013
Portugal,900,0,2013
Portugal,1500,0,2013
Portugal,1800,0,2013
Portugal,2100,0,2013
Portugal,2300,0,2013
Portugal,2600,0,2013
Spain,700,0,2013
Spain,800,0,2013
Spain,900,0,2013
Spain,1500,0,2013
Spain,1800,0,2013
Spain,2100,0,2013
Spain,2300,0,2013
Spain,2600,0,2013
Germany,700,0,2012
Germany,800,0,2012
Germany,900,0,2012
Germany,1500,0,2012
Germany,1800,0,2012
Germany,2100,0,2012
Germany,2300,0,2012
Germany,2600,0,2012
Austria,700,0,2012
Austria,800,0,2012
Austria,900,0,2012
Austria,1500,0,2012
Austria,1800,0,2012
Austria,2100,0,2012
Austria,2300,0,2012
Austria,2600,0,2012
Itally,700,0,2012
Itally,800,0,2012
Itally,900,0,2012
Itally,1500,0,2012
Itally,1800,0,2012
Itally,2100,0,2012
Itally,2300,0,2012
Itally,2600,0,2012
France,700,0,2012
France,800,0,2012
France,900,0,2012
France,1500,0,2012
France,1800,0,2012
France,2100,0,2012
France,2300,0,2012
France,2600,0,2012
Portugal,700,0,2012
Portugal,800,0,2012
Portugal,900,0,2012
Portugal,1500,0,2012
Portugal,1800,0,2012
Portugal,2100,0,2012
Portugal,2300,0,2012
Portugal,2600,0,2012
Spain,700,0,2012
Spain,800,0,2012
Spain,900,0,2012
Spain,1500,0,2012
Spain,1800,0,2012
Spain,2100,0,2012
Spain,2300,0,2012
Spain,2600,0,2012
Germany,700,0,2011
Germany,800,0,2011
Germany,900,0,2011
Germany,1500,0,2011
Germany,1800,0,2011
Germany,2100,0,2011
Germany,2300,0,2011
Germany,2600,0,2011
Austria,700,0,2011
Austria,800,0,2011
Austria,900,0,2011
Austria,1500,0,2011
Austria,1800,0,2011
Austria,2100,0,2011
Austria,2300,0,2011
Austria,2600,0,2011
Itally,700,0,2011
Itally,800,1.1743,2011
Itally,900,0,2011
Itally,1500,0,2011
Itally,1800,0.3769,2011
Itally,2100,0,2011
Itally,2300,0,2011
Itally,2600,0.073,2011
France,700,0,2011
France,800,1.0104,2011
France,900,0,2011
France,1500,0,2011
France,1800,0,2011
France,2100,0,2011
France,2300,0,2011
France,2600,0,2011
Portugal,700,0,2011
Portugal,800,0.5252,2011
Portugal,900,0,2011
Portugal,1500,0,2011
Portugal,1800,0.3843,2011
Portugal,2100,0,2011
Portugal,2300,0,2011
Portugal,2600,0,2011
Spain,700,0,2011
Spain,800,0.5861,2011
Spain,900,0,2011
Spain,1500,0,2011
Spain,1800,0.2592,2011
Spain,2100,0,2011
Spain,2300,0,2011
Spain,2600,0,2011
